[{"model": "admin.logentry", "pk": 1, "fields": {"action_time": "2021-05-22T12:33:07.682Z", "user": 1, "content_type": 8, "object_id": "1", "object_repr": "Necklaces", "action_flag": 1, "change_message": "[{\"added\": {}}]"}}, {"model": "admin.logentry", "pk": 2, "fields": {"action_time": "2021-05-22T12:33:27.112Z", "user": 1, "content_type": 8, "object_id": "2", "object_repr": "RIngs", "action_flag": 1, "change_message": "[{\"added\": {}}]"}}, {"model": "admin.logentry", "pk": 3, "fields": {"action_time": "2021-05-22T12:33:48.922Z", "user": 1, "content_type": 8, "object_id": "3", "object_repr": "Bracelets", "action_flag": 1, "change_message": "[{\"added\": {}}]"}}, {"model": "admin.logentry", "pk": 4, "fields": {"action_time": "2021-05-22T12:34:03.988Z", "user": 1, "content_type": 8, "object_id": "4", "object_repr": "Watches", "action_flag": 1, "change_message": "[{\"added\": {}}]"}}, {"model": "admin.logentry", "pk": 5, "fields": {"action_time": "2021-05-22T12:34:24.354Z", "user": 1, "content_type": 8, "object_id": "5", "object_repr": "Bead Necklaces", "action_flag": 1, "change_message": "[{\"added\": {}}]"}}, {"model": "admin.logentry", "pk": 6, "fields": {"action_time": "2021-05-22T17:00:14.706Z", "user": 1, "content_type": 9, "object_id": "1", "object_repr": "Anne Klein Gold Watch", "action_flag": 1, "change_message": "[{\"added\": {}}]"}}, {"model": "admin.logentry", "pk": 7, "fields": {"action_time": "2021-05-22T17:01:19.170Z", "user": 1, "content_type": 9, "object_id": "2", "object_repr": "Colorful Beads Necklace", "action_flag": 1, "change_message": "[{\"added\": {}}]"}}, {"model": "admin.logentry", "pk": 8, "fields": {"action_time": "2021-05-22T17:02:22.200Z", "user": 1, "content_type": 9, "object_id": "3", "object_repr": "Thick Gold and Diamond Ring", "action_flag": 1, "change_message": "[{\"added\": {}}]"}}, {"model": "admin.logentry", "pk": 9, "fields": {"action_time": "2021-05-22T17:03:27.216Z", "user": 1, "content_type": 9, "object_id": "4", "object_repr": "Gold Rado Watch", "action_flag": 1, "change_message": "[{\"added\": {}}]"}}, {"model": "admin.logentry", "pk": 10, "fields": {"action_time": "2021-05-22T17:04:14.994Z", "user": 1, "content_type": 9, "object_id": "5", "object_repr": "Gold Bracelet Indian Style", "action_flag": 1, "change_message": "[{\"added\": {}}]"}}, {"model": "admin.logentry", "pk": 11, "fields": {"action_time": "2021-05-22T17:05:13.401Z", "user": 1, "content_type": 9, "object_id": "6", "object_repr": "Gold Bracelet Thin", "action_flag": 1, "change_message": "[{\"added\": {}}]"}}, {"model": "admin.logentry", "pk": 12, "fields": {"action_time": "2021-05-22T17:06:07.524Z", "user": 1, "content_type": 9, "object_id": "7", "object_repr": "Gold Casio Touch Watch", "action_flag": 1, "change_message": "[{\"added\": {}}]"}}, {"model": "admin.logentry", "pk": 13, "fields": {"action_time": "2021-05-22T17:07:09.308Z", "user": 1, "content_type": 8, "object_id": "6", "object_repr": "Earrings", "action_flag": 1, "change_message": "[{\"added\": {}}]"}}, {"model": "admin.logentry", "pk": 14, "fields": {"action_time": "2021-05-22T17:07:13.405Z", "user": 1, "content_type": 9, "object_id": "8", "object_repr": "Gold Leafy Earrings", "action_flag": 1, "change_message": "[{\"added\": {}}]"}}, {"model": "admin.logentry", "pk": 15, "fields": {"action_time": "2021-05-22T17:07:57.137Z", "user": 1, "content_type": 9, "object_id": "9", "object_repr": "Gold Necklace with Diamonds", "action_flag": 1, "change_message": "[{\"added\": {}}]"}}, {"model": "admin.logentry", "pk": 16, "fields": {"action_time": "2021-05-22T17:08:59.882Z", "user": 1, "content_type": 9, "object_id": "10", "object_repr": "Gold Ring with Blue Stones", "action_flag": 1, "change_message": "[{\"added\": {}}]"}}, {"model": "admin.logentry", "pk": 17, "fields": {"action_time": "2021-05-22T17:09:45.535Z", "user": 1, "content_type": 9, "object_id": "11", "object_repr": "Gold Ring with Pink Stone", "action_flag": 1, "change_message": "[{\"added\": {}}]"}}, {"model": "admin.logentry", "pk": 18, "fields": {"action_time": "2021-05-22T17:10:29.457Z", "user": 1, "content_type": 9, "object_id": "12", "object_repr": "Gold Ring with Diamond", "action_flag": 1, "change_message": "[{\"added\": {}}]"}}, {"model": "admin.logentry", "pk": 19, "fields": {"action_time": "2021-05-22T17:11:28.448Z", "user": 1, "content_type": 9, "object_id": "13", "object_repr": "Gold Star Earrings", "action_flag": 1, "change_message": "[{\"added\": {}}]"}}, {"model": "admin.logentry", "pk": 20, "fields": {"action_time": "2021-05-22T17:12:17.010Z", "user": 1, "content_type": 9, "object_id": "14", "object_repr": "Gold Watch with White Dial and Diamonds", "action_flag": 1, "change_message": "[{\"added\": {}}]"}}, {"model": "admin.logentry", "pk": 21, "fields": {"action_time": "2021-05-22T17:13:07.064Z", "user": 1, "content_type": 9, "object_id": "15", "object_repr": "Gold Watch with White Dial", "action_flag": 1, "change_message": "[{\"added\": {}}]"}}, {"model": "admin.logentry", "pk": 22, "fields": {"action_time": "2021-05-22T17:14:07.956Z", "user": 1, "content_type": 9, "object_id": "16", "object_repr": "Gold Mangalsutra", "action_flag": 1, "change_message": "[{\"added\": {}}]"}}, {"model": "admin.logentry", "pk": 23, "fields": {"action_time": "2021-05-22T17:14:48.014Z", "user": 1, "content_type": 9, "object_id": "17", "object_repr": "Mr Boho Gold Watch", "action_flag": 1, "change_message": "[{\"added\": {}}]"}}, {"model": "admin.logentry", "pk": 24, "fields": {"action_time": "2021-05-22T17:16:57.172Z", "user": 1, "content_type": 9, "object_id": "18", "object_repr": "Platinum Ring with Diamonds", "action_flag": 1, "change_message": "[{\"added\": {}}]"}}, {"model": "admin.logentry", "pk": 25, "fields": {"action_time": "2021-05-22T17:17:49.281Z", "user": 1, "content_type": 9, "object_id": "19", "object_repr": "Silver Earrings with Blue Stones", "action_flag": 1, "change_message": "[{\"added\": {}}]"}}, {"model": "admin.logentry", "pk": 26, "fields": {"action_time": "2021-05-22T17:18:34.380Z", "user": 1, "content_type": 9, "object_id": "20", "object_repr": "Silver Necklace  with Big Diamond", "action_flag": 1, "change_message": "[{\"added\": {}}]"}}, {"model": "admin.logentry", "pk": 27, "fields": {"action_time": "2021-05-22T17:19:37.854Z", "user": 1, "content_type": 9, "object_id": "21", "object_repr": "Silver Ring with Blue Stone", "action_flag": 1, "change_message": "[{\"added\": {}}]"}}, {"model": "admin.logentry", "pk": 28, "fields": {"action_time": "2021-05-22T17:20:18.489Z", "user": 1, "content_type": 9, "object_id": "22", "object_repr": "Silver Ring with Small Diamonds", "action_flag": 1, "change_message": "[{\"added\": {}}]"}}, {"model": "admin.logentry", "pk": 29, "fields": {"action_time": "2021-05-22T17:21:01.212Z", "user": 1, "content_type": 9, "object_id": "23", "object_repr": "Silver Ring with Red Stone", "action_flag": 1, "change_message": "[{\"added\": {}}]"}}, {"model": "admin.logentry", "pk": 30, "fields": {"action_time": "2021-05-24T15:16:18.764Z", "user": 1, "content_type": 8, "object_id": "6", "object_repr": "Earrings", "action_flag": 2, "change_message": "[{\"changed\": {\"fields\": [\"Is Featured?\"]}}]"}}, {"model": "admin.logentry", "pk": 31, "fields": {"action_time": "2021-05-24T15:16:31.370Z", "user": 1, "content_type": 8, "object_id": "6", "object_repr": "Earrings", "action_flag": 2, "change_message": "[{\"changed\": {\"fields\": [\"Is Featured?\"]}}]"}}, {"model": "admin.logentry", "pk": 32, "fields": {"action_time": "2021-05-24T16:36:23.940Z", "user": 1, "content_type": 9, "object_id": "18", "object_repr": "Platinum Ring with Diamonds", "action_flag": 2, "change_message": "[{\"changed\": {\"fields\": [\"Product Image\"]}}]"}}, {"model": "admin.logentry", "pk": 33, "fields": {"action_time": "2021-05-24T16:36:49.919Z", "user": 1, "content_type": 9, "object_id": "13", "object_repr": "Gold Star Earrings", "action_flag": 2, "change_message": "[{\"changed\": {\"fields\": [\"Product Image\"]}}]"}}, {"model": "admin.logentry", "pk": 34, "fields": {"action_time": "2021-05-24T16:37:07.490Z", "user": 1, "content_type": 9, "object_id": "10", "object_repr": "Gold Ring with Blue Stones", "action_flag": 2, "change_message": "[{\"changed\": {\"fields\": [\"Product Image\"]}}]"}}, {"model": "admin.logentry", "pk": 35, "fields": {"action_time": "2021-05-24T16:38:43.825Z", "user": 1, "content_type": 9, "object_id": "13", "object_repr": "Gold Star Earrings", "action_flag": 2, "change_message": "[{\"changed\": {\"fields\": [\"Detail Description\"]}}]"}}, {"model": "admin.logentry", "pk": 36, "fields": {"action_time": "2021-05-27T15:34:19.404Z", "user": 1, "content_type": 7, "object_id": "1", "object_repr": "customer", "action_flag": 1, "change_message": "[{\"added\": {}}]"}}, {"model": "admin.logentry", "pk": 37, "fields": {"action_time": "2021-05-27T15:35:27.369Z", "user": 1, "content_type": 7, "object_id": "2", "object_repr": "Dhungedhara, Radha Krishna Temple, Raniban", "action_flag": 1, "change_message": "[{\"added\": {}}]"}}, {"model": "admin.logentry", "pk": 38, "fields": {"action_time": "2021-05-31T12:34:28.580Z", "user": 1, "content_type": 10, "object_id": "3", "object_repr": "Order object (3)", "action_flag": 2, "change_message": "[{\"changed\": {\"fields\": [\"Status\"]}}]"}}, {"model": "admin.logentry", "pk": 39, "fields": {"action_time": "2021-05-31T12:36:15.095Z", "user": 1, "content_type": 10, "object_id": "2", "object_repr": "Order object (2)", "action_flag": 2, "change_message": "[{\"changed\": {\"fields\": [\"Status\"]}}]"}}, {"model": "admin.logentry", "pk": 40, "fields": {"action_time": "2021-05-31T12:36:30.412Z", "user": 1, "content_type": 10, "object_id": "1", "object_repr": "Order object (1)", "action_flag": 2, "change_message": "[{\"changed\": {\"fields\": [\"Status\"]}}]"}}, {"model": "admin.logentry", "pk": 41, "fields": {"action_time": "2021-05-31T12:40:29.168Z", "user": 1, "content_type": 10, "object_id": "1", "object_repr": "Order object (1)", "action_flag": 2, "change_message": "[{\"changed\": {\"fields\": [\"Status\"]}}]"}}, {"model": "admin.logentry", "pk": 42, "fields": {"action_time": "2021-05-31T12:40:45.142Z", "user": 1, "content_type": 10, "object_id": "3", "object_repr": "Order object (3)", "action_flag": 2, "change_message": "[{\"changed\": {\"fields\": [\"Status\"]}}]"}}, {"model": "admin.logentry", "pk": 43, "fields": {"action_time": "2021-05-31T12:48:00.690Z", "user": 1, "content_type": 10, "object_id": "5", "object_repr": "Order object (5)", "action_flag": 2, "change_message": "[{\"changed\": {\"fields\": [\"Status\"]}}]"}}, {"model": "admin.logentry", "pk": 44, "fields": {"action_time": "2021-05-31T12:48:00.695Z", "user": 1, "content_type": 10, "object_id": "4", "object_repr": "Order object (4)", "action_flag": 2, "change_message": "[{\"changed\": {\"fields\": [\"Status\"]}}]"}}, {"model": "admin.logentry", "pk": 45, "fields": {"action_time": "2021-05-31T12:48:53.588Z", "user": 1, "content_type": 10, "object_id": "5", "object_repr": "Order object (5)", "action_flag": 2, "change_message": "[{\"changed\": {\"fields\": [\"Status\"]}}]"}}, {"model": "admin.logentry", "pk": 46, "fields": {"action_time": "2021-05-31T15:29:04.928Z", "user": 1, "content_type": 10, "object_id": "7", "object_repr": "Order object (7)", "action_flag": 3, "change_message": ""}}, {"model": "admin.logentry", "pk": 47, "fields": {"action_time": "2021-05-31T15:29:04.935Z", "user": 1, "content_type": 10, "object_id": "6", "object_repr": "Order object (6)", "action_flag": 3, "change_message": ""}}, {"model": "admin.logentry", "pk": 48, "fields": {"action_time": "2021-05-31T15:29:04.937Z", "user": 1, "content_type": 10, "object_id": "5", "object_repr": "Order object (5)", "action_flag": 3, "change_message": ""}}, {"model": "admin.logentry", "pk": 49, "fields": {"action_time": "2021-05-31T15:29:04.939Z", "user": 1, "content_type": 10, "object_id": "4", "object_repr": "Order object (4)", "action_flag": 3, "change_message": ""}}, {"model": "admin.logentry", "pk": 50, "fields": {"action_time": "2021-05-31T15:29:24.919Z", "user": 1, "content_type": 4, "object_id": "5", "object_repr": "digala", "action_flag": 3, "change_message": ""}}, {"model": "admin.logentry", "pk": 51, "fields": {"action_time": "2021-05-31T15:29:24.926Z", "user": 1, "content_type": 4, "object_id": "2", "object_repr": "higim", "action_flag": 3, "change_message": ""}}, {"model": "admin.logentry", "pk": 52, "fields": {"action_time": "2021-05-31T15:29:24.928Z", "user": 1, "content_type": 4, "object_id": "8", "object_repr": "huhitu", "action_flag": 3, "change_message": ""}}, {"model": "admin.logentry", "pk": 53, "fields": {"action_time": "2021-05-31T15:29:24.930Z", "user": 1, "content_type": 4, "object_id": "6", "object_repr": "qubuqomyf", "action_flag": 3, "change_message": ""}}, {"model": "admin.logentry", "pk": 54, "fields": {"action_time": "2021-05-31T15:29:24.932Z", "user": 1, "content_type": 4, "object_id": "4", "object_repr": "vizoqirafa", "action_flag": 3, "change_message": ""}}, {"model": "admin.logentry", "pk": 55, "fields": {"action_time": "2021-05-31T15:30:35.786Z", "user": 1, "content_type": 8, "object_id": "6", "object_repr": "Earrings", "action_flag": 2, "change_message": "[{\"changed\": {\"fields\": [\"Category Image\"]}}]"}}, {"model": "admin.logentry", "pk": 56, "fields": {"action_time": "2021-05-31T15:54:04.542Z", "user": 1, "content_type": 4, "object_id": "3", "object_repr": "buvymi", "action_flag": 3, "change_message": ""}}, {"model": "admin.logentry", "pk": 57, "fields": {"action_time": "2021-05-31T15:57:13.375Z", "user": 1, "content_type": 4, "object_id": "10", "object_repr": "hellokumar", "action_flag": 2, "change_message": "[{\"changed\": {\"fields\": [\"Username\", \"Email address\"]}}]"}}, {"model": "admin.logentry", "pk": 58, "fields": {"action_time": "2021-05-31T16:01:10.372Z", "user": 1, "content_type": 4, "object_id": "10", "object_repr": "hellokumar", "action_flag": 3, "change_message": ""}}, {"model": "admin.logentry", "pk": 59, "fields": {"action_time": "2021-05-31T16:32:43.664Z", "user": 1, "content_type": 8, "object_id": "5", "object_repr": "Bead Necklaces", "action_flag": 2, "change_message": "[{\"changed\": {\"fields\": [\"Is Featured?\"]}}]"}}, {"model": "admin.logentry", "pk": 60, "fields": {"action_time": "2021-05-31T16:33:37.009Z", "user": 1, "content_type": 8, "object_id": "6", "object_repr": "Earrings", "action_flag": 2, "change_message": "[{\"changed\": {\"fields\": [\"Is Featured?\"]}}]"}}, {"model": "admin.logentry", "pk": 61, "fields": {"action_time": "2021-05-31T16:33:49.838Z", "user": 1, "content_type": 8, "object_id": "6", "object_repr": "Earrings", "action_flag": 2, "change_message": "[{\"changed\": {\"fields\": [\"Is Active?\", \"Is Featured?\"]}}]"}}, {"model": "admin.logentry", "pk": 62, "fields": {"action_time": "2021-05-31T16:34:11.201Z", "user": 1, "content_type": 8, "object_id": "1", "object_repr": "Necklaces", "action_flag": 2, "change_message": "[{\"changed\": {\"fields\": [\"Is Active?\"]}}]"}}, {"model": "admin.logentry", "pk": 63, "fields": {"action_time": "2021-05-31T16:34:23.444Z", "user": 1, "content_type": 8, "object_id": "6", "object_repr": "Earrings", "action_flag": 2, "change_message": "[{\"changed\": {\"fields\": [\"Is Active?\"]}}]"}}, {"model": "admin.logentry", "pk": 64, "fields": {"action_time": "2021-05-31T16:34:23.450Z", "user": 1, "content_type": 8, "object_id": "1", "object_repr": "Necklaces", "action_flag": 2, "change_message": "[{\"changed\": {\"fields\": [\"Is Active?\"]}}]"}}, {"model": "admin.logentry", "pk": 65, "fields": {"action_time": "2021-05-31T16:35:10.795Z", "user": 1, "content_type": 8, "object_id": "7", "object_repr": "Gifts", "action_flag": 1, "change_message": "[{\"added\": {}}]"}}, {"model": "admin.logentry", "pk": 66, "fields": {"action_time": "2021-05-31T16:35:53.592Z", "user": 1, "content_type": 9, "object_id": "23", "object_repr": "Silver Ring with Red Stone", "action_flag": 2, "change_message": "[{\"changed\": {\"fields\": [\"Detail Description\"]}}]"}}, {"model": "admin.logentry", "pk": 67, "fields": {"action_time": "2021-05-31T16:37:18.075Z", "user": 1, "content_type": 9, "object_id": "24", "object_repr": "Gold BitCoin", "action_flag": 1, "change_message": "[{\"added\": {}}]"}}, {"model": "admin.logentry", "pk": 68, "fields": {"action_time": "2021-05-31T16:38:16.536Z", "user": 1, "content_type": 11, "object_id": "6", "object_repr": "admin", "action_flag": 3, "change_message": ""}}, {"model": "admin.logentry", "pk": 69, "fields": {"action_time": "2021-05-31T16:39:02.152Z", "user": 1, "content_type": 10, "object_id": "9", "object_repr": "Order object (9)", "action_flag": 2, "change_message": "[{\"changed\": {\"fields\": [\"Status\"]}}]"}}, {"model": "admin.logentry", "pk": 70, "fields": {"action_time": "2021-05-31T16:39:22.321Z", "user": 1, "content_type": 10, "object_id": "8", "object_repr": "Order object (8)", "action_flag": 2, "change_message": "[{\"changed\": {\"fields\": [\"Status\"]}}]"}}, {"model": "admin.logentry", "pk": 71, "fields": {"action_time": "2021-05-31T16:39:44.206Z", "user": 1, "content_type": 10, "object_id": "8", "object_repr": "Order object (8)", "action_flag": 2, "change_message": "[{\"changed\": {\"fields\": [\"Status\"]}}]"}}, {"model": "admin.logentry", "pk": 72, "fields": {"action_time": "2021-05-31T16:39:56.665Z", "user": 1, "content_type": 10, "object_id": "8", "object_repr": "Order object (8)", "action_flag": 2, "change_message": "[{\"changed\": {\"fields\": [\"Status\"]}}]"}}, {"model": "admin.logentry", "pk": 73, "fields": {"action_time": "2021-05-31T16:40:11.834Z", "user": 1, "content_type": 10, "object_id": "9", "object_repr": "Order object (9)", "action_flag": 2, "change_message": "[{\"changed\": {\"fields\": [\"Status\"]}}]"}}, {"model": "admin.logentry", "pk": 74, "fields": {"action_time": "2023-12-04T07:19:23.320Z", "user": 13, "content_type": 8, "object_id": "7", "object_repr": "Гитары и Аксессуары", "action_flag": 2, "change_message": "[{\"changed\": {\"fields\": [\"Category Title\", \"Category Slug\"]}}]"}}, {"model": "admin.logentry", "pk": 75, "fields": {"action_time": "2023-12-04T07:19:45.581Z", "user": 13, "content_type": 8, "object_id": "7", "object_repr": "Гитары и Аксессуары", "action_flag": 2, "change_message": "[{\"changed\": {\"fields\": [\"Category Image\"]}}]"}}, {"model": "admin.logentry", "pk": 76, "fields": {"action_time": "2023-12-04T08:00:46.382Z", "user": 13, "content_type": 8, "object_id": "6", "object_repr": "Струнные инструменты и аксессуары", "action_flag": 2, "change_message": "[{\"changed\": {\"fields\": [\"Category Title\", \"Category Slug\", \"Category Description\", \"Category Image\"]}}]"}}, {"model": "admin.logentry", "pk": 77, "fields": {"action_time": "2023-12-04T08:01:01.360Z", "user": 13, "content_type": 8, "object_id": "6", "object_repr": "Струнные инструменты и аксессуары", "action_flag": 2, "change_message": "[{\"changed\": {\"fields\": [\"Is Featured?\"]}}]"}}, {"model": "admin.logentry", "pk": 78, "fields": {"action_time": "2023-12-05T20:59:12.005Z", "user": 13, "content_type": 8, "object_id": "5", "object_repr": "Народные инструменты и аксессуары", "action_flag": 2, "change_message": "[{\"changed\": {\"fields\": [\"Category Title\", \"Category Slug\", \"Category Image\"]}}]"}}, {"model": "admin.logentry", "pk": 79, "fields": {"action_time": "2023-12-05T20:59:31.200Z", "user": 13, "content_type": 8, "object_id": "5", "object_repr": "Народные инструменты и аксессуары", "action_flag": 2, "change_message": "[{\"changed\": {\"fields\": [\"Is Featured?\"]}}]"}}, {"model": "admin.logentry", "pk": 80, "fields": {"action_time": "2023-12-05T20:59:31.208Z", "user": 13, "content_type": 8, "object_id": "4", "object_repr": "Watches", "action_flag": 2, "change_message": "[{\"changed\": {\"fields\": [\"Is Featured?\"]}}]"}}, {"model": "admin.logentry", "pk": 81, "fields": {"action_time": "2023-12-05T21:01:20.989Z", "user": 13, "content_type": 8, "object_id": "4", "object_repr": "Dj оборудование", "action_flag": 2, "change_message": "[{\"changed\": {\"fields\": [\"Category Title\", \"Category Slug\", \"Category Description\"]}}]"}}, {"model": "admin.logentry", "pk": 82, "fields": {"action_time": "2023-12-05T21:01:55.817Z", "user": 13, "content_type": 8, "object_id": "3", "object_repr": "Звуковое оборудование", "action_flag": 2, "change_message": "[{\"changed\": {\"fields\": [\"Category Title\", \"Category Slug\", \"Category Description\"]}}]"}}, {"model": "admin.logentry", "pk": 83, "fields": {"action_time": "2023-12-05T21:02:29.919Z", "user": 13, "content_type": 8, "object_id": "2", "object_repr": "Наушники и гарнитуры", "action_flag": 2, "change_message": "[{\"changed\": {\"fields\": [\"Category Title\", \"Category Slug\", \"Category Description\"]}}]"}}, {"model": "admin.logentry", "pk": 84, "fields": {"action_time": "2023-12-05T21:03:22.525Z", "user": 13, "content_type": 8, "object_id": "1", "object_repr": "Световое оборудование", "action_flag": 2, "change_message": "[{\"changed\": {\"fields\": [\"Category Title\", \"Category Slug\", \"Category Description\"]}}]"}}, {"model": "admin.logentry", "pk": 85, "fields": {"action_time": "2023-12-05T21:03:31.647Z", "user": 13, "content_type": 8, "object_id": "4", "object_repr": "Dj оборудование", "action_flag": 2, "change_message": "[{\"changed\": {\"fields\": [\"Category Image\"]}}]"}}, {"model": "admin.logentry", "pk": 86, "fields": {"action_time": "2023-12-05T21:03:58.109Z", "user": 13, "content_type": 8, "object_id": "3", "object_repr": "Звуковое оборудование", "action_flag": 2, "change_message": "[]"}}, {"model": "admin.logentry", "pk": 87, "fields": {"action_time": "2023-12-05T21:05:15.717Z", "user": 13, "content_type": 8, "object_id": "8", "object_repr": "Микрофоны и радиосистемы", "action_flag": 1, "change_message": "[{\"added\": {}}]"}}, {"model": "admin.logentry", "pk": 88, "fields": {"action_time": "2023-12-05T21:05:28.271Z", "user": 13, "content_type": 8, "object_id": "3", "object_repr": "Звуковое оборудование", "action_flag": 2, "change_message": "[{\"changed\": {\"fields\": [\"Category Image\"]}}]"}}, {"model": "admin.logentry", "pk": 89, "fields": {"action_time": "2023-12-05T21:06:11.910Z", "user": 13, "content_type": 8, "object_id": "2", "object_repr": "Наушники и гарнитуры", "action_flag": 2, "change_message": "[{\"changed\": {\"fields\": [\"Category Image\"]}}]"}}, {"model": "admin.logentry", "pk": 90, "fields": {"action_time": "2023-12-05T21:07:22.013Z", "user": 13, "content_type": 8, "object_id": "1", "object_repr": "Световое оборудование", "action_flag": 2, "change_message": "[{\"changed\": {\"fields\": [\"Category Image\"]}}]"}}, {"model": "admin.logentry", "pk": 91, "fields": {"action_time": "2023-12-05T21:10:00.603Z", "user": 13, "content_type": 8, "object_id": "9", "object_repr": "Духовые музыкальные инструменты и аксесуары", "action_flag": 1, "change_message": "[{\"added\": {}}]"}}, {"model": "admin.logentry", "pk": 92, "fields": {"action_time": "2023-12-05T21:12:58.182Z", "user": 13, "content_type": 8, "object_id": "9", "object_repr": "Духовые музыкальные инструменты и аксесуары", "action_flag": 2, "change_message": "[{\"changed\": {\"fields\": [\"Category Image\"]}}]"}}, {"model": "admin.logentry", "pk": 93, "fields": {"action_time": "2023-12-05T21:13:46.728Z", "user": 13, "content_type": 8, "object_id": "1", "object_repr": "Световое оборудование", "action_flag": 2, "change_message": "[{\"changed\": {\"fields\": [\"Category Image\"]}}]"}}, {"model": "admin.logentry", "pk": 94, "fields": {"action_time": "2023-12-05T21:35:32.434Z", "user": 13, "content_type": 9, "object_id": "17", "object_repr": "Mr Boho Gold Watch", "action_flag": 2, "change_message": "[]"}}, {"model": "admin.logentry", "pk": 95, "fields": {"action_time": "2023-12-06T14:34:38.778Z", "user": 13, "content_type": 9, "object_id": "21", "object_repr": "Apple AirPods Max", "action_flag": 2, "change_message": "[{\"changed\": {\"fields\": [\"\\u041d\\u0430\\u0437\\u0432\\u0430\\u043d\\u0438\\u0435 \\u043f\\u0440\\u043e\\u0434\\u0443\\u043a\\u0442\\u0430\", \"Web \\u041d\\u0430\\u0437\\u0432\\u0430\\u043d\\u0438\\u0435 \\u043f\\u0440\\u043e\\u0434\\u0443\\u043a\\u0442\\u0430\", \"\\u041a\\u0440\\u0430\\u0442\\u043a\\u043e\\u0435 \\u043e\\u043f\\u0438\\u0441\\u0430\\u043d\\u0438\\u0435\", \"\\u0418\\u0437\\u043e\\u0431\\u0440\\u0430\\u0436\\u0435\\u043d\\u0438\\u0435 \\u043f\\u0440\\u043e\\u0434\\u0443\\u043a\\u0442\\u0430\"]}}]"}}, {"model": "admin.logentry", "pk": 96, "fields": {"action_time": "2023-12-13T14:32:37.862Z", "user": 13, "content_type": 9, "object_id": "23", "object_repr": "JBL Tune 720BT Black", "action_flag": 2, "change_message": "[{\"changed\": {\"fields\": [\"\\u041d\\u0430\\u0437\\u0432\\u0430\\u043d\\u0438\\u0435 \\u043f\\u0440\\u043e\\u0434\\u0443\\u043a\\u0442\\u0430\", \"Web \\u041d\\u0430\\u0437\\u0432\\u0430\\u043d\\u0438\\u0435 \\u043f\\u0440\\u043e\\u0434\\u0443\\u043a\\u0442\\u0430\", \"\\u041a\\u0440\\u0430\\u0442\\u043a\\u043e\\u0435 \\u043e\\u043f\\u0438\\u0441\\u0430\\u043d\\u0438\\u0435\", \"\\u0418\\u0437\\u043e\\u0431\\u0440\\u0430\\u0436\\u0435\\u043d\\u0438\\u0435 \\u043f\\u0440\\u043e\\u0434\\u0443\\u043a\\u0442\\u0430\"]}}]"}}, {"model": "admin.logentry", "pk": 97, "fields": {"action_time": "2023-12-13T14:33:39.938Z", "user": 13, "content_type": 9, "object_id": "22", "object_repr": "Cat-Ear-AKZ-K27", "action_flag": 2, "change_message": "[{\"changed\": {\"fields\": [\"\\u041d\\u0430\\u0437\\u0432\\u0430\\u043d\\u0438\\u0435 \\u043f\\u0440\\u043e\\u0434\\u0443\\u043a\\u0442\\u0430\", \"Web \\u041d\\u0430\\u0437\\u0432\\u0430\\u043d\\u0438\\u0435 \\u043f\\u0440\\u043e\\u0434\\u0443\\u043a\\u0442\\u0430\", \"\\u041a\\u0440\\u0430\\u0442\\u043a\\u043e\\u0435 \\u043e\\u043f\\u0438\\u0441\\u0430\\u043d\\u0438\\u0435\", \"\\u041f\\u043e\\u0434\\u0440\\u043e\\u0431\\u043d\\u043e\\u0435 \\u043e\\u043f\\u0438\\u0441\\u0430\\u043d\\u0438\\u0435\", \"\\u0418\\u0437\\u043e\\u0431\\u0440\\u0430\\u0436\\u0435\\u043d\\u0438\\u0435 \\u043f\\u0440\\u043e\\u0434\\u0443\\u043a\\u0442\\u0430\"]}}]"}}, {"model": "admin.logentry", "pk": 98, "fields": {"action_time": "2023-12-13T14:34:38.399Z", "user": 13, "content_type": 9, "object_id": "20", "object_repr": "MVT", "action_flag": 2, "change_message": "[{\"changed\": {\"fields\": [\"\\u041d\\u0430\\u0437\\u0432\\u0430\\u043d\\u0438\\u0435 \\u043f\\u0440\\u043e\\u0434\\u0443\\u043a\\u0442\\u0430\", \"Web \\u041d\\u0430\\u0437\\u0432\\u0430\\u043d\\u0438\\u0435 \\u043f\\u0440\\u043e\\u0434\\u0443\\u043a\\u0442\\u0430\", \"\\u041a\\u0440\\u0430\\u0442\\u043a\\u043e\\u0435 \\u043e\\u043f\\u0438\\u0441\\u0430\\u043d\\u0438\\u0435\", \"\\u0418\\u0437\\u043e\\u0431\\u0440\\u0430\\u0436\\u0435\\u043d\\u0438\\u0435 \\u043f\\u0440\\u043e\\u0434\\u0443\\u043a\\u0442\\u0430\"]}}]"}}, {"model": "admin.logentry", "pk": 99, "fields": {"action_time": "2023-12-13T14:35:27.590Z", "user": 13, "content_type": 9, "object_id": "9", "object_repr": "Nightsun-SPC149P2", "action_flag": 2, "change_message": "[{\"changed\": {\"fields\": [\"\\u041d\\u0430\\u0437\\u0432\\u0430\\u043d\\u0438\\u0435 \\u043f\\u0440\\u043e\\u0434\\u0443\\u043a\\u0442\\u0430\", \"Web \\u041d\\u0430\\u0437\\u0432\\u0430\\u043d\\u0438\\u0435 \\u043f\\u0440\\u043e\\u0434\\u0443\\u043a\\u0442\\u0430\", \"\\u041a\\u0440\\u0430\\u0442\\u043a\\u043e\\u0435 \\u043e\\u043f\\u0438\\u0441\\u0430\\u043d\\u0438\\u0435\", \"\\u041f\\u043e\\u0434\\u0440\\u043e\\u0431\\u043d\\u043e\\u0435 \\u043e\\u043f\\u0438\\u0441\\u0430\\u043d\\u0438\\u0435\", \"\\u0418\\u0437\\u043e\\u0431\\u0440\\u0430\\u0436\\u0435\\u043d\\u0438\\u0435 \\u043f\\u0440\\u043e\\u0434\\u0443\\u043a\\u0442\\u0430\"]}}]"}}, {"model": "admin.logentry", "pk": 100, "fields": {"action_time": "2023-12-13T14:35:44.951Z", "user": 13, "content_type": 9, "object_id": "18", "object_repr": "Platinum Ring with Diamonds", "action_flag": 3, "change_message": ""}}, {"model": "admin.logentry", "pk": 101, "fields": {"action_time": "2023-12-13T14:35:45.038Z", "user": 13, "content_type": 9, "object_id": "12", "object_repr": "Gold Ring with Diamond", "action_flag": 3, "change_message": ""}}, {"model": "admin.logentry", "pk": 102, "fields": {"action_time": "2023-12-13T14:35:45.121Z", "user": 13, "content_type": 9, "object_id": "11", "object_repr": "Gold Ring with Pink Stone", "action_flag": 3, "change_message": ""}}, {"model": "admin.logentry", "pk": 103, "fields": {"action_time": "2023-12-13T14:35:45.187Z", "user": 13, "content_type": 9, "object_id": "10", "object_repr": "Gold Ring with Blue Stones", "action_flag": 3, "change_message": ""}}, {"model": "admin.logentry", "pk": 104, "fields": {"action_time": "2023-12-13T14:35:45.271Z", "user": 13, "content_type": 9, "object_id": "3", "object_repr": "Thick Gold and Diamond Ring", "action_flag": 3, "change_message": ""}}, {"model": "admin.logentry", "pk": 105, "fields": {"action_time": "2023-12-13T14:36:53.886Z", "user": 13, "content_type": 9, "object_id": "6", "object_repr": "Набор колонок", "action_flag": 2, "change_message": "[{\"changed\": {\"fields\": [\"\\u041d\\u0430\\u0437\\u0432\\u0430\\u043d\\u0438\\u0435 \\u043f\\u0440\\u043e\\u0434\\u0443\\u043a\\u0442\\u0430\", \"Web \\u041d\\u0430\\u0437\\u0432\\u0430\\u043d\\u0438\\u0435 \\u043f\\u0440\\u043e\\u0434\\u0443\\u043a\\u0442\\u0430\", \"\\u041a\\u0440\\u0430\\u0442\\u043a\\u043e\\u0435 \\u043e\\u043f\\u0438\\u0441\\u0430\\u043d\\u0438\\u0435\", \"\\u041f\\u043e\\u0434\\u0440\\u043e\\u0431\\u043d\\u043e\\u0435 \\u043e\\u043f\\u0438\\u0441\\u0430\\u043d\\u0438\\u0435\", \"\\u0418\\u0437\\u043e\\u0431\\u0440\\u0430\\u0436\\u0435\\u043d\\u0438\\u0435 \\u043f\\u0440\\u043e\\u0434\\u0443\\u043a\\u0442\\u0430\"]}}]"}}, {"model": "admin.logentry", "pk": 106, "fields": {"action_time": "2023-12-14T07:13:52.720Z", "user": 13, "content_type": 9, "object_id": "19", "object_repr": "Silver Earrings with Blue Stones", "action_flag": 3, "change_message": ""}}, {"model": "admin.logentry", "pk": 107, "fields": {"action_time": "2023-12-14T07:13:52.800Z", "user": 13, "content_type": 9, "object_id": "17", "object_repr": "Mr Boho Gold Watch", "action_flag": 3, "change_message": ""}}, {"model": "admin.logentry", "pk": 108, "fields": {"action_time": "2023-12-14T07:13:52.876Z", "user": 13, "content_type": 9, "object_id": "16", "object_repr": "Gold Mangalsutra", "action_flag": 3, "change_message": ""}}, {"model": "admin.logentry", "pk": 109, "fields": {"action_time": "2023-12-14T07:13:52.960Z", "user": 13, "content_type": 9, "object_id": "15", "object_repr": "Gold Watch with White Dial", "action_flag": 3, "change_message": ""}}, {"model": "admin.logentry", "pk": 110, "fields": {"action_time": "2023-12-14T07:13:53.030Z", "user": 13, "content_type": 9, "object_id": "14", "object_repr": "Gold Watch with White Dial and Diamonds", "action_flag": 3, "change_message": ""}}, {"model": "admin.logentry", "pk": 111, "fields": {"action_time": "2023-12-14T07:13:53.121Z", "user": 13, "content_type": 9, "object_id": "13", "object_repr": "Gold Star Earrings", "action_flag": 3, "change_message": ""}}, {"model": "admin.logentry", "pk": 112, "fields": {"action_time": "2023-12-14T07:13:53.207Z", "user": 13, "content_type": 9, "object_id": "9", "object_repr": "Nightsun-SPC149P2", "action_flag": 3, "change_message": ""}}, {"model": "admin.logentry", "pk": 113, "fields": {"action_time": "2023-12-14T07:13:53.294Z", "user": 13, "content_type": 9, "object_id": "8", "object_repr": "Gold Leafy Earrings", "action_flag": 3, "change_message": ""}}, {"model": "admin.logentry", "pk": 114, "fields": {"action_time": "2023-12-14T07:13:53.385Z", "user": 13, "content_type": 9, "object_id": "7", "object_repr": "Gold Casio Touch Watch", "action_flag": 3, "change_message": ""}}, {"model": "admin.logentry", "pk": 115, "fields": {"action_time": "2023-12-14T07:13:53.461Z", "user": 13, "content_type": 9, "object_id": "5", "object_repr": "Gold Bracelet Indian Style", "action_flag": 3, "change_message": ""}}, {"model": "admin.logentry", "pk": 116, "fields": {"action_time": "2023-12-14T07:13:53.556Z", "user": 13, "content_type": 9, "object_id": "4", "object_repr": "Gold Rado Watch", "action_flag": 3, "change_message": ""}}, {"model": "admin.logentry", "pk": 117, "fields": {"action_time": "2023-12-14T07:13:53.641Z", "user": 13, "content_type": 9, "object_id": "2", "object_repr": "Colorful Beads Necklace", "action_flag": 3, "change_message": ""}}, {"model": "admin.logentry", "pk": 118, "fields": {"action_time": "2023-12-14T07:13:53.726Z", "user": 13, "content_type": 9, "object_id": "1", "object_repr": "Anne Klein Gold Watch", "action_flag": 3, "change_message": ""}}, {"model": "admin.logentry", "pk": 119, "fields": {"action_time": "2023-12-14T07:14:05.362Z", "user": 13, "content_type": 4, "object_id": "7", "object_repr": "bucobome", "action_flag": 3, "change_message": ""}}, {"model": "admin.logentry", "pk": 120, "fields": {"action_time": "2023-12-14T07:14:05.471Z", "user": 13, "content_type": 4, "object_id": "9", "object_repr": "customer", "action_flag": 3, "change_message": ""}}, {"model": "admin.logentry", "pk": 121, "fields": {"action_time": "2023-12-14T07:14:05.568Z", "user": 13, "content_type": 4, "object_id": "11", "object_repr": "vijaythapa", "action_flag": 3, "change_message": ""}}, {"model": "admin.logentry", "pk": 122, "fields": {"action_time": "2023-12-14T07:18:46.939Z", "user": 13, "content_type": 9, "object_id": "25", "object_repr": "Панфлейта", "action_flag": 1, "change_message": "[{\"added\": {}}]"}}, {"model": "admin.logentry", "pk": 123, "fields": {"action_time": "2023-12-14T07:20:08.245Z", "user": 13, "content_type": 9, "object_id": "26", "object_repr": "Superlux 271203", "action_flag": 1, "change_message": "[{\"added\": {}}]"}}, {"model": "admin.logentry", "pk": 124, "fields": {"action_time": "2023-12-14T07:21:08.902Z", "user": 13, "content_type": 9, "object_id": "27", "object_repr": "Гитара Lin-RB", "action_flag": 1, "change_message": "[{\"added\": {}}]"}}, {"model": "admin.logentry", "pk": 125, "fields": {"action_time": "2023-12-14T07:22:29.381Z", "user": 13, "content_type": 9, "object_id": "28", "object_repr": "Контрабас", "action_flag": 1, "change_message": "[{\"added\": {}}]"}}, {"model": "admin.logentry", "pk": 126, "fields": {"action_time": "2023-12-14T07:23:26.269Z", "user": 13, "content_type": 9, "object_id": "29", "object_repr": "Балалайка", "action_flag": 1, "change_message": "[{\"added\": {}}]"}}, {"model": "admin.logentry", "pk": 127, "fields": {"action_time": "2023-12-14T07:24:08.218Z", "user": 13, "content_type": 9, "object_id": "29", "object_repr": "Балалайка", "action_flag": 2, "change_message": "[{\"changed\": {\"fields\": [\"\\u0418\\u0437\\u043e\\u0431\\u0440\\u0430\\u0436\\u0435\\u043d\\u0438\\u0435 \\u043f\\u0440\\u043e\\u0434\\u0443\\u043a\\u0442\\u0430\"]}}]"}}, {"model": "admin.logentry", "pk": 128, "fields": {"action_time": "2024-03-25T19:50:41.075Z", "user": 1, "content_type": 10, "object_id": "13", "object_repr": "Order object (13)", "action_flag": 2, "change_message": "[{\"changed\": {\"fields\": [\"\\u0421\\u0442\\u0430\\u0442\\u0443\\u0441\"]}}]"}}, {"model": "admin.logentry", "pk": 129, "fields": {"action_time": "2024-03-25T19:50:41.084Z", "user": 1, "content_type": 10, "object_id": "12", "object_repr": "Order object (12)", "action_flag": 2, "change_message": "[{\"changed\": {\"fields\": [\"\\u0421\\u0442\\u0430\\u0442\\u0443\\u0441\"]}}]"}}, {"model": "admin.logentry", "pk": 130, "fields": {"action_time": "2024-03-25T19:50:41.092Z", "user": 1, "content_type": 10, "object_id": "11", "object_repr": "Order object (11)", "action_flag": 2, "change_message": "[{\"changed\": {\"fields\": [\"\\u0421\\u0442\\u0430\\u0442\\u0443\\u0441\"]}}]"}}, {"model": "admin.logentry", "pk": 131, "fields": {"action_time": "2024-03-25T19:50:41.101Z", "user": 1, "content_type": 10, "object_id": "10", "object_repr": "Order object (10)", "action_flag": 2, "change_message": "[{\"changed\": {\"fields\": [\"\\u0421\\u0442\\u0430\\u0442\\u0443\\u0441\"]}}]"}}, {"model": "admin.logentry", "pk": 132, "fields": {"action_time": "2024-03-27T19:10:40.356Z", "user": 1, "content_type": 10, "object_id": "13", "object_repr": "Order object (13)", "action_flag": 2, "change_message": "[{\"changed\": {\"fields\": [\"\\u0421\\u0442\\u0430\\u0442\\u0443\\u0441\"]}}]"}}, {"model": "admin.logentry", "pk": 133, "fields": {"action_time": "2024-03-27T19:13:39.963Z", "user": 1, "content_type": 10, "object_id": "15", "object_repr": "Order object (15)", "action_flag": 2, "change_message": "[{\"changed\": {\"fields\": [\"\\u0421\\u0442\\u0430\\u0442\\u0443\\u0441\"]}}]"}}, {"model": "admin.logentry", "pk": 134, "fields": {"action_time": "2024-03-27T19:13:39.972Z", "user": 1, "content_type": 10, "object_id": "14", "object_repr": "Order object (14)", "action_flag": 2, "change_message": "[{\"changed\": {\"fields\": [\"\\u0421\\u0442\\u0430\\u0442\\u0443\\u0441\"]}}]"}}, {"model": "admin.logentry", "pk": 135, "fields": {"action_time": "2024-03-27T19:13:39.978Z", "user": 1, "content_type": 10, "object_id": "13", "object_repr": "Order object (13)", "action_flag": 2, "change_message": "[{\"changed\": {\"fields\": [\"\\u0421\\u0442\\u0430\\u0442\\u0443\\u0441\"]}}]"}}, {"model": "admin.logentry", "pk": 136, "fields": {"action_time": "2024-03-27T19:13:39.985Z", "user": 1, "content_type": 10, "object_id": "12", "object_repr": "Order object (12)", "action_flag": 2, "change_message": "[{\"changed\": {\"fields\": [\"\\u0421\\u0442\\u0430\\u0442\\u0443\\u0441\"]}}]"}}, {"model": "admin.logentry", "pk": 137, "fields": {"action_time": "2024-03-27T19:18:27.154Z", "user": 1, "content_type": 10, "object_id": "15", "object_repr": "Order object (15)", "action_flag": 2, "change_message": "[{\"changed\": {\"fields\": [\"\\u0421\\u0442\\u0430\\u0442\\u0443\\u0441\"]}}]"}}, {"model": "admin.logentry", "pk": 138, "fields": {"action_time": "2024-03-27T19:18:27.166Z", "user": 1, "content_type": 10, "object_id": "14", "object_repr": "Order object (14)", "action_flag": 2, "change_message": "[{\"changed\": {\"fields\": [\"\\u0421\\u0442\\u0430\\u0442\\u0443\\u0441\"]}}]"}}, {"model": "admin.logentry", "pk": 139, "fields": {"action_time": "2024-03-27T19:18:27.175Z", "user": 1, "content_type": 10, "object_id": "13", "object_repr": "Order object (13)", "action_flag": 2, "change_message": "[{\"changed\": {\"fields\": [\"\\u0421\\u0442\\u0430\\u0442\\u0443\\u0441\"]}}]"}}, {"model": "admin.logentry", "pk": 140, "fields": {"action_time": "2024-03-27T19:18:27.183Z", "user": 1, "content_type": 10, "object_id": "12", "object_repr": "Order object (12)", "action_flag": 2, "change_message": "[{\"changed\": {\"fields\": [\"\\u0421\\u0442\\u0430\\u0442\\u0443\\u0441\"]}}]"}}, {"model": "admin.logentry", "pk": 141, "fields": {"action_time": "2024-03-27T19:18:27.192Z", "user": 1, "content_type": 10, "object_id": "11", "object_repr": "Order object (11)", "action_flag": 2, "change_message": "[{\"changed\": {\"fields\": [\"\\u0421\\u0442\\u0430\\u0442\\u0443\\u0441\"]}}]"}}, {"model": "admin.logentry", "pk": 142, "fields": {"action_time": "2024-03-27T19:18:27.200Z", "user": 1, "content_type": 10, "object_id": "10", "object_repr": "Order object (10)", "action_flag": 2, "change_message": "[{\"changed\": {\"fields\": [\"\\u0421\\u0442\\u0430\\u0442\\u0443\\u0441\"]}}]"}}, {"model": "admin.logentry", "pk": 143, "fields": {"action_time": "2024-03-29T20:05:45.136Z", "user": 1, "content_type": 10, "object_id": "16", "object_repr": "Order object (16)", "action_flag": 2, "change_message": "[{\"changed\": {\"fields\": [\"\\u0421\\u0442\\u0430\\u0442\\u0443\\u0441\"]}}]"}}, {"model": "admin.logentry", "pk": 144, "fields": {"action_time": "2024-03-29T20:05:45.140Z", "user": 1, "content_type": 10, "object_id": "13", "object_repr": "Order object (13)", "action_flag": 2, "change_message": "[{\"changed\": {\"fields\": [\"\\u0421\\u0442\\u0430\\u0442\\u0443\\u0441\"]}}]"}}, {"model": "admin.logentry", "pk": 145, "fields": {"action_time": "2024-03-29T20:06:10.425Z", "user": 1, "content_type": 10, "object_id": "16", "object_repr": "Order object (16)", "action_flag": 2, "change_message": "[{\"changed\": {\"fields\": [\"\\u0421\\u0442\\u0430\\u0442\\u0443\\u0441\"]}}]"}}, {"model": "admin.logentry", "pk": 146, "fields": {"action_time": "2024-03-29T20:06:19.028Z", "user": 1, "content_type": 10, "object_id": "16", "object_repr": "Order object (16)", "action_flag": 2, "change_message": "[{\"changed\": {\"fields\": [\"\\u0421\\u0442\\u0430\\u0442\\u0443\\u0441\"]}}]"}}, {"model": "admin.logentry", "pk": 147, "fields": {"action_time": "2024-03-29T20:27:52.960Z", "user": 1, "content_type": 9, "object_id": "29", "object_repr": "Балалайка", "action_flag": 2, "change_message": "[]"}}, {"model": "auth.permission", "pk": 1, "fields": {"name": "Can add log entry", "content_type": 1, "codename": "add_logentry"}}, {"model": "auth.permission", "pk": 2, "fields": {"name": "Can change log entry", "content_type": 1, "codename": "change_logentry"}}, {"model": "auth.permission", "pk": 3, "fields": {"name": "Can delete log entry", "content_type": 1, "codename": "delete_logentry"}}, {"model": "auth.permission", "pk": 4, "fields": {"name": "Can view log entry", "content_type": 1, "codename": "view_logentry"}}, {"model": "auth.permission", "pk": 5, "fields": {"name": "Can add permission", "content_type": 2, "codename": "add_permission"}}, {"model": "auth.permission", "pk": 6, "fields": {"name": "Can change permission", "content_type": 2, "codename": "change_permission"}}, {"model": "auth.permission", "pk": 7, "fields": {"name": "Can delete permission", "content_type": 2, "codename": "delete_permission"}}, {"model": "auth.permission", "pk": 8, "fields": {"name": "Can view permission", "content_type": 2, "codename": "view_permission"}}, {"model": "auth.permission", "pk": 9, "fields": {"name": "Can add group", "content_type": 3, "codename": "add_group"}}, {"model": "auth.permission", "pk": 10, "fields": {"name": "Can change group", "content_type": 3, "codename": "change_group"}}, {"model": "auth.permission", "pk": 11, "fields": {"name": "Can delete group", "content_type": 3, "codename": "delete_group"}}, {"model": "auth.permission", "pk": 12, "fields": {"name": "Can view group", "content_type": 3, "codename": "view_group"}}, {"model": "auth.permission", "pk": 13, "fields": {"name": "Can add user", "content_type": 4, "codename": "add_user"}}, {"model": "auth.permission", "pk": 14, "fields": {"name": "Can change user", "content_type": 4, "codename": "change_user"}}, {"model": "auth.permission", "pk": 15, "fields": {"name": "Can delete user", "content_type": 4, "codename": "delete_user"}}, {"model": "auth.permission", "pk": 16, "fields": {"name": "Can view user", "content_type": 4, "codename": "view_user"}}, {"model": "auth.permission", "pk": 17, "fields": {"name": "Can add content type", "content_type": 5, "codename": "add_contenttype"}}, {"model": "auth.permission", "pk": 18, "fields": {"name": "Can change content type", "content_type": 5, "codename": "change_contenttype"}}, {"model": "auth.permission", "pk": 19, "fields": {"name": "Can delete content type", "content_type": 5, "codename": "delete_contenttype"}}, {"model": "auth.permission", "pk": 20, "fields": {"name": "Can view content type", "content_type": 5, "codename": "view_contenttype"}}, {"model": "auth.permission", "pk": 21, "fields": {"name": "Can add session", "content_type": 6, "codename": "add_session"}}, {"model": "auth.permission", "pk": 22, "fields": {"name": "Can change session", "content_type": 6, "codename": "change_session"}}, {"model": "auth.permission", "pk": 23, "fields": {"name": "Can delete session", "content_type": 6, "codename": "delete_session"}}, {"model": "auth.permission", "pk": 24, "fields": {"name": "Can view session", "content_type": 6, "codename": "view_session"}}, {"model": "auth.permission", "pk": 25, "fields": {"name": "Can add address", "content_type": 7, "codename": "add_address"}}, {"model": "auth.permission", "pk": 26, "fields": {"name": "Can change address", "content_type": 7, "codename": "change_address"}}, {"model": "auth.permission", "pk": 27, "fields": {"name": "Can delete address", "content_type": 7, "codename": "delete_address"}}, {"model": "auth.permission", "pk": 28, "fields": {"name": "Can view address", "content_type": 7, "codename": "view_address"}}, {"model": "auth.permission", "pk": 29, "fields": {"name": "Can add category", "content_type": 8, "codename": "add_category"}}, {"model": "auth.permission", "pk": 30, "fields": {"name": "Can change category", "content_type": 8, "codename": "change_category"}}, {"model": "auth.permission", "pk": 31, "fields": {"name": "Can delete category", "content_type": 8, "codename": "delete_category"}}, {"model": "auth.permission", "pk": 32, "fields": {"name": "Can view category", "content_type": 8, "codename": "view_category"}}, {"model": "auth.permission", "pk": 33, "fields": {"name": "Can add product", "content_type": 9, "codename": "add_product"}}, {"model": "auth.permission", "pk": 34, "fields": {"name": "Can change product", "content_type": 9, "codename": "change_product"}}, {"model": "auth.permission", "pk": 35, "fields": {"name": "Can delete product", "content_type": 9, "codename": "delete_product"}}, {"model": "auth.permission", "pk": 36, "fields": {"name": "Can view product", "content_type": 9, "codename": "view_product"}}, {"model": "auth.permission", "pk": 37, "fields": {"name": "Can add order", "content_type": 10, "codename": "add_order"}}, {"model": "auth.permission", "pk": 38, "fields": {"name": "Can change order", "content_type": 10, "codename": "change_order"}}, {"model": "auth.permission", "pk": 39, "fields": {"name": "Can delete order", "content_type": 10, "codename": "delete_order"}}, {"model": "auth.permission", "pk": 40, "fields": {"name": "Can view order", "content_type": 10, "codename": "view_order"}}, {"model": "auth.permission", "pk": 41, "fields": {"name": "Can add cart", "content_type": 11, "codename": "add_cart"}}, {"model": "auth.permission", "pk": 42, "fields": {"name": "Can change cart", "content_type": 11, "codename": "change_cart"}}, {"model": "auth.permission", "pk": 43, "fields": {"name": "Can delete cart", "content_type": 11, "codename": "delete_cart"}}, {"model": "auth.permission", "pk": 44, "fields": {"name": "Can view cart", "content_type": 11, "codename": "view_cart"}}, {"model": "auth.permission", "pk": 45, "fields": {"name": "Can add liked", "content_type": 12, "codename": "add_liked"}}, {"model": "auth.permission", "pk": 46, "fields": {"name": "Can change liked", "content_type": 12, "codename": "change_liked"}}, {"model": "auth.permission", "pk": 47, "fields": {"name": "Can delete liked", "content_type": 12, "codename": "delete_liked"}}, {"model": "auth.permission", "pk": 48, "fields": {"name": "Can view liked", "content_type": 12, "codename": "view_liked"}}, {"model": "auth.user", "pk": 1, "fields": {"password": "pbkdf2_sha256$260000$J7X1zqOJacbEDoeHawO0tS$6EBK8Sc/gDeqNKX9QttuwUzXuB34efBTB+BzhAEXnrY=", "last_login": "2024-03-31T15:53:51.308Z", "is_superuser": true, "username": "admin", "first_name": "", "last_name": "", "email": "", "is_staff": true, "is_active": true, "date_joined": "2021-05-22T11:43:33.829Z", "groups": [], "user_permissions": []}}, {"model": "auth.user", "pk": 12, "fields": {"password": "pbkdf2_sha256$260000$NTC9n3LAyNbESNYRP7mgwd$MU9rqXRPn2SuZKEQs9YAHEP8ankJPI9Tewxx28RRDXQ=", "last_login": "2023-12-04T06:29:21.177Z", "is_superuser": false, "username": "kalik", "first_name": "", "last_name": "", "email": "Micchael.Shul@yandex.ru", "is_staff": false, "is_active": true, "date_joined": "2023-12-04T06:28:55.277Z", "groups": [], "user_permissions": []}}, {"model": "auth.user", "pk": 13, "fields": {"password": "pbkdf2_sha256$260000$HaEx3JAtimecyP7OQtgSNK$pim2ZQEQD0lDKXrbA7OGLtbAZOXQKTvEN7z0oumfuEA=", "last_login": "2023-12-14T06:45:36.561Z", "is_superuser": true, "username": "root", "first_name": "", "last_name": "", "email": "", "is_staff": true, "is_active": true, "date_joined": "2023-12-04T06:30:51.938Z", "groups": [], "user_permissions": []}}, {"model": "auth.user", "pk": 14, "fields": {"password": "pbkdf2_sha256$260000$A1ngmbAU0SibAFxSaHE3Sh$NtFxlUU307mFn+NmdDPsGp6gS5gYHenXC++szCu1afQ=", "last_login": "2024-05-22T08:10:25.758Z", "is_superuser": true, "username": "Tminww", "first_name": "", "last_name": "", "email": "admin@fastapi.com", "is_staff": true, "is_active": true, "date_joined": "2024-04-23T18:51:42.013Z", "groups": [], "user_permissions": []}}, {"model": "contenttypes.contenttype", "pk": 1, "fields": {"app_label": "admin", "model": "logentry"}}, {"model": "contenttypes.contenttype", "pk": 2, "fields": {"app_label": "auth", "model": "permission"}}, {"model": "contenttypes.contenttype", "pk": 3, "fields": {"app_label": "auth", "model": "group"}}, {"model": "contenttypes.contenttype", "pk": 4, "fields": {"app_label": "auth", "model": "user"}}, {"model": "contenttypes.contenttype", "pk": 5, "fields": {"app_label": "contenttypes", "model": "contenttype"}}, {"model": "contenttypes.contenttype", "pk": 6, "fields": {"app_label": "sessions", "model": "session"}}, {"model": "contenttypes.contenttype", "pk": 7, "fields": {"app_label": "store", "model": "address"}}, {"model": "contenttypes.contenttype", "pk": 8, "fields": {"app_label": "store", "model": "category"}}, {"model": "contenttypes.contenttype", "pk": 9, "fields": {"app_label": "store", "model": "product"}}, {"model": "contenttypes.contenttype", "pk": 10, "fields": {"app_label": "store", "model": "order"}}, {"model": "contenttypes.contenttype", "pk": 11, "fields": {"app_label": "store", "model": "cart"}}, {"model": "contenttypes.contenttype", "pk": 12, "fields": {"app_label": "store", "model": "liked"}}, {"model": "sessions.session", "pk": "1428p77ylziwjqe301ljg609n5jm8jfx", "fields": {"session_data": ".eJxVjMsOwiAQRf-FtSEUmU5x6b7fQAZmsFUDSR8r478rSRe6usk9J-elAu3bFPZVljCzuqjOqdPvGSk9pDTCdyq3qlMt2zJH3RR90FWPleV5Pdy_wETr1LqYwETqs_0uOkBjGdgn8iAydOgGgyDOJMrZn8EC2Q4985DJpV5EvT_4WTgQ:1s4Gru:0Qm3uEas4XbdvdWAFEIMvemehnbbjBKjgxQPkxanRMU", "expire_date": "2024-05-21T09:12:14.462Z"}}, {"model": "sessions.session", "pk": "2e6ycf9vxjx5ceflr451u73d1rw97czo", "fields": {"session_data": ".eJxVjMsOwiAQRf-FtSEUmU5x6b7fQAZmsFUDSR8r478rSRe6usk9J-elAu3bFPZVljCzuqjOqdPvGSk9pDTCdyq3qlMt2zJH3RR90FWPleV5Pdy_wETr1LqYwETqs_0uOkBjGdgn8iAydOgGgyDOJMrZn8EC2Q4985DJpV5EvT_4WTgQ:1rzLHF:WWShNLOB4NziceyWbL4PXwrrZMz5BQ136PVzyxXtSgU", "expire_date": "2024-05-07T18:54:01.005Z"}}, {"model": "sessions.session", "pk": "5cb94t9ggt39wollcvkt1lwxycc0km2p", "fields": {"session_data": ".eJxVjMsOwiAQRf-FtSEUmU5x6b7fQAZmsFUDSR8r478rSRe6usk9J-elAu3bFPZVljCzuqjOqdPvGSk9pDTCdyq3qlMt2zJH3RR90FWPleV5Pdy_wETr1LqYwETqs_0uOkBjGdgn8iAydOgGgyDOJMrZn8EC2Q4985DJpV5EvT_4WTgQ:1s5PkD:aZc9LMKkRCuXlzTISE5CbvKKbCx8Ve7D98w0jltveis", "expire_date": "2024-05-24T12:53:01.485Z"}}, {"model": "sessions.session", "pk": "6rnhrh0vambbh1d00vtk4ppd67pii18y", "fields": {"session_data": ".eJxVjMsOwiAQRf-FtSFMYHi4dO83kGEAqRqalHZl_Hdt0oVu7znnvkSkbW1xG2WJUxZnAeL0uyXiR-k7yHfqt1ny3NdlSnJX5EGHvM65PC-H-3fQaLRvXbPxxSgiSCo4A2gdeM_MtgKjc9Ug6hIIq7WAOWj2LilWiqv2mrR4fwDYfDd6:1lnkpR:_R4Gr6PzmNEgqJVMCd0AwUAGhnDjU0Q0iPQqMmPpZCk", "expire_date": "2021-06-14T16:31:49.728Z"}}, {"model": "sessions.session", "pk": "a9l2qi7wb3f2n3nc1xjnyaxxr61f6roc", "fields": {"session_data": ".eJxVjEEOgkAMRe8yazMpHWgdl-45AynTIqgZEgZWxrsrCQvd_vfef7lOtnXstmJLN6m7uMqdfrde0sPyDvQu-Tb7NOd1mXq_K_6gxbez2vN6uH8Ho5TxWwdpgCCkhqpEOKiFoQ61xMisCQWjnskGRQxVjRwB-kaYGQGUjEzc-wPKCzc7:1rop8i:8kROkINJk222XkLJpWQemrCnXPgF3Izjywj5B8tWlhI", "expire_date": "2024-04-08T18:33:44.822Z"}}, {"model": "sessions.session", "pk": "cc5qh7znpyyrw7ogahj9hynq6dqo0e1f", "fields": {"session_data": ".eJxVjDsOwjAQBe_iGln-rjElfc5grb1rEkC2lE-FuDtESgHtm5n3Egm3dUzbwnOaSFyEtuL0O2YsD247oTu2W5elt3WestwVedBFDp34eT3cv4MRl_FbV3uuJhRdyWlvfY4FGQCVigbYAWEI3pGLwMykTDRMwWYELB6yN1m8Pw4EOGo:1rDfTU:ZZNe3hwuZBRfQtz4w2Nmh4Z_hW2-UsnCs5SLInLXZKc", "expire_date": "2023-12-28T06:45:36.645Z"}}, {"model": "sessions.session", "pk": "f3c5nrefi1z53exf3be90rcrtz0nk5li", "fields": {"session_data": ".eJxVjDkOwjAUBe_iGlk2XkNJnzNYf7FxANlSlgpxd4iUAto3M-8lEmxrTduS5zSxuAitxel3RKBHbjvhO7Rbl9TbOk8od0UedJFj5_y8Hu7fQYWlfmsV0aqBDaBFREPOG89nKOgYoo4RlFXBZh_CUKKhwahCBr3T1lFhReL9AQvpOCo:1lnkZx:YZOfQWPo0HUKxnm0ZF9VzpSL9tFBOvK97HvGuvvw0yQ", "expire_date": "2021-06-14T16:15:49.779Z"}}, {"model": "sessions.session", "pk": "ii1mfyt9jn7zh8xlwll3m66z3s2j6ri5", "fields": {"session_data": ".eJxVjEEOwiAQRe_C2hCmBWRcuvcMZIBBqgaS0q6Md7dNutDtf--_t_C0LsWvnWc_JXERIE6_W6D45LqD9KB6bzK2usxTkLsiD9rlrSV-XQ_3L1Col-1twzgYxYwRxrN1kGxEBMMaNW8Vi2SiMxqUZs0GggIim53LOWYzIIvPF9MUN-I:1rpYQY:MYEfVwcDni25_YeIPGoBr7nU3qEBLsBhqUBzamH_3SM", "expire_date": "2024-04-10T18:55:10.428Z"}}, {"model": "sessions.session", "pk": "jo2g2wvwn1x4w0owudu55p6v9cu56fu9", "fields": {"session_data": ".eJxVjMsOwiAQRf-FtSGU97h07zeQAQapGkhKuzL-uzbpQrf3nHNfLOC21rANWsKc2ZkBO_1uEdOD2g7yHdut89TbusyR7wo_6ODXnul5Ody_g4qjfmuiokWeCJ1LyUogCcKZiEp5J9Ar1GJysSjjhY8WAEEqA1akUnQibdj7A-Y9N4c:1ln3EL:xR2Wt-ryPltXfH0AeJkbfxkiomYUVrT7k9Vw5N42Jdo", "expire_date": "2021-06-12T17:58:37.543Z"}}, {"model": "sessions.session", "pk": "lo14pmro60csl8ixasa0hfhoyq73q5pj", "fields": {"session_data": ".eJxVjDsOwjAQBe_iGln-rjElfc5grb1rEkC2lE-FuDtESgHtm5n3Egm3dUzbwnOaSFyEtuL0O2YsD247oTu2W5elt3WestwVedBFDp34eT3cv4MRl_FbV3uuJhRdyWlvfY4FGQCVigbYAWEI3pGLwMykTDRMwWYELB6yN1m8Pw4EOGo:1rAcvA:tkv3OcFNZjcigE3Wyscw4SvrvaZvsHaayrXWQThbKNI", "expire_date": "2023-12-19T21:25:36.442Z"}}, {"model": "sessions.session", "pk": "m2azcyjk5hv5b4yyb541p9uznfxhasht", "fields": {"session_data": ".eJxVjDsOwjAQBe_iGln-rjElfc5grb1rEkC2lE-FuDtESgHtm5n3Egm3dUzbwnOaSFyEtuL0O2YsD247oTu2W5elt3WestwVedBFDp34eT3cv4MRl_FbV3uuJhRdyWlvfY4FGQCVigbYAWEI3pGLwMykTDRMwWYELB6yN1m8Pw4EOGo:1rAPBm:0zfDb2-IUV4GNx16PfztIJbs7LdziTZeWPXfvuAwb-U", "expire_date": "2023-12-19T06:45:50.797Z"}}, {"model": "sessions.session", "pk": "rgpdrksk923d47e4b7sdgo6oweozfdhk", "fields": {"session_data": ".eJxVjMsOwiAQRf-FtSEUmU5x6b7fQAZmsFUDSR8r478rSRe6usk9J-elAu3bFPZVljCzuqjOqdPvGSk9pDTCdyq3qlMt2zJH3RR90FWPleV5Pdy_wETr1LqYwETqs_0uOkBjGdgn8iAydOgGgyDOJMrZn8EC2Q4985DJpV5EvT_4WTgQ:1s41sa:ofXNHwoQYKZax4dWKZf9tkQMMosoxVndoU_95Aq0NyU", "expire_date": "2024-05-20T17:11:56.541Z"}}, {"model": "sessions.session", "pk": "tfy99so2lmuf4730p9bavcjdgyngt2qs", "fields": {"session_data": ".eJxVjEEOwiAQRe_C2hCmBWRcuvcMZIBBqgaS0q6Md7dNutDtf--_t_C0LsWvnWc_JXERIE6_W6D45LqD9KB6bzK2usxTkLsiD9rlrSV-XQ_3L1Col-1twzgYxYwRxrN1kGxEBMMaNW8Vi2SiMxqUZs0GggIim53LOWYzIIvPF9MUN-I:1rqxVH:hHQi8NjdYtuSP0_RiNOAB13MGdbKmjOFXnUz9bF64KA", "expire_date": "2024-04-14T15:53:51.310Z"}}, {"model": "sessions.session", "pk": "xkgjw9ce28evyshz8mpjiwmtptjphomr", "fields": {"session_data": ".eJxVjMsOwiAQRf-FtSEUmU5x6b7fQAZmsFUDSR8r478rSRe6usk9J-elAu3bFPZVljCzuqjOqdPvGSk9pDTCdyq3qlMt2zJH3RR90FWPleV5Pdy_wETr1LqYwETqs_0uOkBjGdgn8iAydOgGgyDOJMrZn8EC2Q4985DJpV5EvT_4WTgQ:1s4GvK:ySZGIcd-n7KysFMQG1DNwzWrbV6jZC8j1FLRuU5x8c4", "expire_date": "2024-05-21T09:15:46.074Z"}}, {"model": "sessions.session", "pk": "yjmkqvisi07ili3dx0ccmkx2ywglq7ti", "fields": {"session_data": ".eJxVjMsOwiAQRf-FtSEUmU5x6b7fQAZmsFUDSR8r478rSRe6usk9J-elAu3bFPZVljCzuqjOqdPvGSk9pDTCdyq3qlMt2zJH3RR90FWPleV5Pdy_wETr1LqYwETqs_0uOkBjGdgn8iAydOgGgyDOJMrZn8EC2Q4985DJpV5EvT_4WTgQ:1s4ld8:JUTMwIsh5uvG5gDgZm1E4EwWh1WA5gXMykkEQ9l3wXI", "expire_date": "2024-05-22T18:03:02.657Z"}}, {"model": "store.address", "pk": 6, "fields": {"user": 1, "locality": "Центральная аллея", "city": "Санкт Петербург", "state": "Ленина д.7"}}, {"model": "store.address", "pk": 7, "fields": {"user": 14, "locality": "2222", "city": "222", "state": "2222"}}, {"model": "store.address", "pk": 8, "fields": {"user": 14, "locality": "gtdghfhh", "city": "dhdsf", "state": "dsds"}}, {"model": "store.category", "pk": 1, "fields": {"title": "Световое оборудование", "slug": "light", "description": "Всё световое оборудование", "category_image": "category/light.png", "is_active": true, "is_featured": true, "created_at": "2021-05-22T12:33:07.679Z", "updated_at": "2023-12-05T21:13:46.712Z"}}, {"model": "store.category", "pk": 2, "fields": {"title": "Наушники и гарнитуры", "slug": "headphones", "description": "Наушники и гарнитуры", "category_image": "category/headphones.png", "is_active": true, "is_featured": true, "created_at": "2021-05-22T12:33:27.110Z", "updated_at": "2023-12-05T21:06:11.895Z"}}, {"model": "store.category", "pk": 3, "fields": {"title": "Звуковое оборудование", "slug": "sound", "description": "Звуковое оборудование", "category_image": "category/sound.png", "is_active": true, "is_featured": true, "created_at": "2021-05-22T12:33:48.922Z", "updated_at": "2023-12-05T21:05:28.271Z"}}, {"model": "store.category", "pk": 4, "fields": {"title": "Dj оборудование", "slug": "dj", "description": "Dj оборудование", "category_image": "category/dj.png", "is_active": true, "is_featured": false, "created_at": "2021-05-22T12:34:03.986Z", "updated_at": "2023-12-05T21:03:31.647Z"}}, {"model": "store.category", "pk": 5, "fields": {"title": "Народные инструменты", "slug": "folk", "description": "All the bead necklaces", "category_image": "category/folk.png", "is_active": true, "is_featured": true, "created_at": "2021-05-22T12:34:24.352Z", "updated_at": "2023-12-05T20:59:31.194Z"}}, {"model": "store.category", "pk": 6, "fields": {"title": "Струнные инструменты", "slug": "strings", "description": "Струнные инструменты и аксессуары", "category_image": "category/strings.png", "is_active": true, "is_featured": true, "created_at": "2021-05-22T17:07:09.306Z", "updated_at": "2023-12-04T08:01:01.293Z"}}, {"model": "store.category", "pk": 7, "fields": {"title": "Гитары и Аксессуары", "slug": "guitar", "description": "All the products related to Gifts", "category_image": "category/guitar.png", "is_active": true, "is_featured": true, "created_at": "2021-05-31T16:35:10.794Z", "updated_at": "2023-12-04T07:19:45.578Z"}}, {"model": "store.category", "pk": 8, "fields": {"title": "Микрофоны и радиосистемы", "slug": "microphone", "description": "Микрофоны и радиосистемы", "category_image": "category/microphone.png", "is_active": true, "is_featured": false, "created_at": "2023-12-05T21:05:15.717Z", "updated_at": "2023-12-05T21:05:15.717Z"}}, {"model": "store.category", "pk": 9, "fields": {"title": "Духовые инструменты", "slug": "brass", "description": "Духовые музыкальные инструменты и аксесуары", "category_image": "category/brass.png", "is_active": true, "is_featured": false, "created_at": "2023-12-05T21:10:00.603Z", "updated_at": "2023-12-05T21:12:58.180Z"}}, {"model": "store.product", "pk": 6, "fields": {"title": "Набор колонок", "slug": "www", "sku": "GB-02", "short_description": "Набор колонок", "detail_description": "Набор колонок", "product_image": "product/50cc732716dc097fa23ae2ac082042d5.png", "price": "340.00", "category": 3, "is_active": true, "is_featured": true, "created_at": "2021-05-22T17:05:13.400Z", "updated_at": "2023-12-13T14:36:53.874Z"}}, {"model": "store.product", "pk": 20, "fields": {"title": "MVT", "slug": "MVT", "sku": "SN-01", "short_description": "Световое оборудование", "detail_description": "", "product_image": "product/1915_3.jpg", "price": "800.00", "category": 1, "is_active": true, "is_featured": true, "created_at": "2021-05-22T17:18:34.378Z", "updated_at": "2023-12-13T14:34:38.398Z"}}, {"model": "store.product", "pk": 21, "fields": {"title": "Apple AirPods Max", "slug": "Apple_AirPods_Max", "sku": "SR-01", "short_description": "Беспроводные наушники Apple AirPods Max", "detail_description": "", "product_image": "product/2244.970.jpg", "price": "350.00", "category": 2, "is_active": true, "is_featured": true, "created_at": "2021-05-22T17:19:37.853Z", "updated_at": "2023-12-06T14:34:38.765Z"}}, {"model": "store.product", "pk": 22, "fields": {"title": "Cat-Ear-AKZ-K27", "slug": "Cat-Ear-AKZ-K27", "sku": "SR-02", "short_description": "Cat-Ear-AKZ-K27", "detail_description": "Cat Ear AKZ - K27 Светло-серые с розовым. Беспроводные bluetooth наушники  кошачьи ушки, лапки светящиеся.", "product_image": "product/3118.7502x.jpg", "price": "550.00", "category": 2, "is_active": true, "is_featured": true, "created_at": "2021-05-22T17:20:18.483Z", "updated_at": "2023-12-13T14:33:39.915Z"}}, {"model": "store.product", "pk": 23, "fields": {"title": "JBL Tune 720BT Black", "slug": "JBL-Tune-720BT-Black", "sku": "SR-03", "short_description": "JBL Tune", "detail_description": "Detail Description", "product_image": "product/Без_имени.jpg", "price": "488.00", "category": 2, "is_active": true, "is_featured": true, "created_at": "2021-05-22T17:21:01.211Z", "updated_at": "2023-12-13T14:32:37.860Z"}}, {"model": "store.product", "pk": 24, "fields": {"title": "Gold BitCoin", "slug": "gold-bitcoin", "sku": "GB-1", "short_description": "This is a Golden Bitcoin", "detail_description": "All Bitcoin Description.", "product_image": "product/gold-bitcoin.jpg", "price": "500.00", "category": 7, "is_active": true, "is_featured": true, "created_at": "2021-05-31T16:37:18.073Z", "updated_at": "2021-05-31T16:37:18.073Z"}}, {"model": "store.product", "pk": 25, "fields": {"title": "Панфлейта", "slug": "panflejta", "sku": "PN-01", "short_description": "Панфлейта", "detail_description": "Панфлейта", "product_image": "product/871l2mqnj2nk1budhbu4sx1rxnlhh28s.jpeg", "price": "200.00", "category": 9, "is_active": true, "is_featured": true, "created_at": "2023-12-14T07:18:46.919Z", "updated_at": "2023-12-14T07:18:46.919Z"}}, {"model": "store.product", "pk": 26, "fields": {"title": "Superlux 271203", "slug": "superlux-271203", "sku": "SP-271203", "short_description": "Superlux 271203", "detail_description": "Superlux 271203", "product_image": "product/717b0b69a0ecf7811aeda1338216c08c65e543b9.jpg", "price": "100.00", "category": 8, "is_active": true, "is_featured": true, "created_at": "2023-12-14T07:20:08.240Z", "updated_at": "2023-12-14T07:20:08.240Z"}}, {"model": "store.product", "pk": 27, "fields": {"title": "Гитара Lin-RB", "slug": "gitara-lin-rb", "sku": "LN-01", "short_description": "Гитара Lin-RB", "detail_description": "Гитара Lin-RB", "product_image": "product/klassicheskaya-gitara-instrument.jpg", "price": "1000.00", "category": 7, "is_active": true, "is_featured": true, "created_at": "2023-12-14T07:21:08.887Z", "updated_at": "2023-12-14T07:21:08.888Z"}}, {"model": "store.product", "pk": 28, "fields": {"title": "Контрабас", "slug": "kontrabas", "sku": "KN-01", "short_description": "Контрабас", "detail_description": "Контрабас Контрабас Контрабас Контрабас", "product_image": "product/220px-AGK_bass1_full.jpg", "price": "150.00", "category": 6, "is_active": true, "is_featured": true, "created_at": "2023-12-14T07:22:29.360Z", "updated_at": "2023-12-14T07:22:29.361Z"}}, {"model": "store.product", "pk": 29, "fields": {"title": "Балалайка", "slug": "balalajka", "sku": "BL-01", "short_description": "Балалайка", "detail_description": "Балалайка", "product_image": "product/scale_1200.jpg", "price": "500000.00", "category": 5, "is_active": true, "is_featured": true, "created_at": "2023-12-14T07:23:26.249Z", "updated_at": "2024-03-29T20:27:52.958Z"}}, {"model": "store.product", "pk": 30, "fields": {"title": "Ижевский завод Т.И.Мт BPP Балалайка прима", "slug": "Балалайки", "sku": "A116094", "short_description": "Балалайка прима", "detail_description": null, "product_image": "product/A116094.jpg", "price": "7900.00", "category": 5, "is_active": true, "is_featured": true, "created_at": "2024-05-22T10:57:40.163Z", "updated_at": "2024-05-22T10:57:40.163Z"}}, {"model": "store.product", "pk": 31, "fields": {"title": "Балалайкеръ 3S-ST Спутник-Т Балалайка традиционная, трехструнная, улучшенная отделка", "slug": "Балалайки", "sku": "A099340", "short_description": "Балалайка традиционная, трехструнная, улучшенная отделка", "detail_description": null, "product_image": "product/A099340.jpg", "price": "13610.00", "category": 5, "is_active": true, "is_featured": true, "created_at": "2024-05-22T10:57:43.931Z", "updated_at": "2024-05-22T10:57:43.931Z"}}, {"model": "store.product", "pk": 32, "fields": {"title": "Ижевский завод Т.И.М BPR Балалайка прима с росписью", "slug": "Балалайки", "sku": "A099636", "short_description": "Балалайка прима с росписью", "detail_description": null, "product_image": "product/A099636.jpg", "price": "8740.00", "category": 5, "is_active": true, "is_featured": true, "created_at": "2024-05-22T10:57:47.041Z", "updated_at": "2024-05-22T10:57:47.041Z"}}, {"model": "store.product", "pk": 33, "fields": {"title": "БалалайкерЪ BSS-AS Студент Оптимум Балалайка академическая ученическая", "slug": "Балалайки", "sku": "A099397", "short_description": "Студент Оптимум Балалайка академическая ученическая", "detail_description": null, "product_image": "product/A099397.jpg", "price": "17880.00", "category": 5, "is_active": true, "is_featured": true, "created_at": "2024-05-22T10:57:50.180Z", "updated_at": "2024-05-22T10:57:50.180Z"}}, {"model": "store.product", "pk": 34, "fields": {"title": "Ижевский завод Т.И.М DOM Домра", "slug": "Домры", "sku": "A099637", "short_description": "Домра", "detail_description": null, "product_image": "product/A099637.jpg", "price": "7900.00", "category": 5, "is_active": true, "is_featured": true, "created_at": "2024-05-22T10:57:55.635Z", "updated_at": "2024-05-22T10:57:55.636Z"}}, {"model": "store.product", "pk": 35, "fields": {"title": "Hora M1084-4 Домра Малая 'ЛЮТНЕР' 3-х струнная", "slug": "Домры", "sku": "A093855", "short_description": "", "detail_description": null, "product_image": "product/A093855.jpg", "price": "49800.00", "category": 5, "is_active": true, "is_featured": true, "created_at": "2024-05-22T10:57:59.052Z", "updated_at": "2024-05-22T10:57:59.052Z"}}, {"model": "store.product", "pk": 36, "fields": {"title": "Hora M1084-4", "slug": "Домры", "sku": "A085586", "short_description": "Домра Малая `ЛЮТНЕР` 4-х струнная", "detail_description": null, "product_image": "product/A085586.jpg", "price": "49800.00", "category": 5, "is_active": true, "is_featured": true, "created_at": "2024-05-22T10:58:02.156Z", "updated_at": "2024-05-22T10:58:02.156Z"}}, {"model": "store.product", "pk": 37, "fields": {"title": "Caraya MA-001-RDS", "slug": "Мандолины", "sku": "A116425", "short_description": "Мандолина, красный санберст", "detail_description": null, "product_image": "product/A116425.jpg", "price": "7600.00", "category": 5, "is_active": true, "is_featured": true, "created_at": "2024-05-22T10:58:08.036Z", "updated_at": "2024-05-22T10:58:08.036Z"}}, {"model": "store.product", "pk": 38, "fields": {"title": "Caraya MA-002-RDS", "slug": "Мандолины", "sku": "A116426", "short_description": "Мандолина, красный санберст", "detail_description": null, "product_image": "product/A116426.jpg", "price": "8360.00", "category": 5, "is_active": true, "is_featured": true, "created_at": "2024-05-22T10:58:11.299Z", "updated_at": "2024-05-22T10:58:11.299Z"}}, {"model": "store.product", "pk": 39, "fields": {"title": "Caraya BJ-004", "slug": "Банджо", "sku": "A115844", "short_description": "Банджо 4-струнное", "detail_description": null, "product_image": "product/A115844.jpg", "price": "20030.00", "category": 5, "is_active": true, "is_featured": true, "created_at": "2024-05-22T10:58:16.737Z", "updated_at": "2024-05-22T10:58:16.737Z"}}, {"model": "store.product", "pk": 40, "fields": {"title": "Bluegrass BJ-005-BG", "slug": "Банджо", "sku": "A175494", "short_description": "Банджо 5-струнное", "detail_description": null, "product_image": "product/A175494.jpg", "price": "18100.00", "category": 5, "is_active": true, "is_featured": true, "created_at": "2024-05-22T10:58:20.526Z", "updated_at": "2024-05-22T10:58:20.526Z"}}, {"model": "store.product", "pk": 41, "fields": {"title": "STAGG BJW24 DL", "slug": "Банджо", "sku": "A150741", "short_description": "5-струнное Western Deluxe банджо", "detail_description": null, "product_image": "product/A150741.jpg", "price": "25650.00", "category": 5, "is_active": true, "is_featured": true, "created_at": "2024-05-22T10:58:23.858Z", "updated_at": "2024-05-22T10:58:23.858Z"}}, {"model": "store.product", "pk": 42, "fields": {"title": "GWS-91W", "slug": "Гусли", "sku": "A125130", "short_description": "Гусли 9 струн Денисовские, корпус: массив сосны, нижняя дека: балтийская береза, фортепианные вирбели, 680?180?55, цвет ОРЕХ", "detail_description": null, "product_image": "product/A125130.jpg", "price": "5330.00", "category": 5, "is_active": true, "is_featured": true, "created_at": "2024-05-22T10:58:30.495Z", "updated_at": "2024-05-22T10:58:30.495Z"}}, {"model": "store.product", "pk": 43, "fields": {"title": "GWS-92W", "slug": "Гусли", "sku": "A125133", "short_description": "Гусли 9 струн Константиновские, 2-х камерные, корпус: массив сосны, нижняя дека: балтийская береза, фортепианные вирбели, 740?220?55, цвет ОРЕХ", "detail_description": null, "product_image": "product/A125133.jpg", "price": "5720.00", "category": 5, "is_active": true, "is_featured": true, "created_at": "2024-05-22T10:58:33.916Z", "updated_at": "2024-05-22T10:58:33.916Z"}}, {"model": "store.product", "pk": 44, "fields": {"title": "Мир гуслей MG-W12MO Гусли 12 струнные с волной, цвет мокко", "slug": "Гусли", "sku": "A099968", "short_description": "Гусли 12 струнные с волной, цвет мокко", "detail_description": null, "product_image": "product/A099968.jpg", "price": "15600.00", "category": 5, "is_active": true, "is_featured": true, "created_at": "2024-05-22T10:58:37.417Z", "updated_at": "2024-05-22T10:58:37.417Z"}}, {"model": "store.product", "pk": 45, "fields": {"title": "GWS-93W", "slug": "Гусли", "sku": "A125136", "short_description": "Гусли 9 струн Сергиевские, 2-х камерные, корпус: массив сосны, нижняя дека: балтийская береза, фортепианные вирбели, 780?265?55, цвет ОРЕХ", "detail_description": null, "product_image": "product/A125136.jpg", "price": "6110.00", "category": 5, "is_active": true, "is_featured": true, "created_at": "2024-05-22T10:58:40.558Z", "updated_at": "2024-05-22T10:58:40.558Z"}}, {"model": "store.product", "pk": 46, "fields": {"title": "Мозеръ LH-7R Лира 7-струнная, с резонаторным корпусом из массива ясеня", "slug": "Лиры", "sku": "A114448", "short_description": "Лира 7-струнная, с резонаторным корпусом из массива ясеня", "detail_description": null, "product_image": "product/A114448.jpg", "price": "4420.00", "category": 5, "is_active": true, "is_featured": true, "created_at": "2024-05-22T10:58:46.145Z", "updated_at": "2024-05-22T10:58:46.145Z"}}, {"model": "store.product", "pk": 47, "fields": {"title": "Гусельник GU-20.63.07.11100", "slug": "Лиры", "sku": "A194767", "short_description": "Лира с игровым окном 7 струн, светлая", "detail_description": null, "product_image": "product/A194767.jpg", "price": "14980.00", "category": 5, "is_active": true, "is_featured": true, "created_at": "2024-05-22T10:58:49.588Z", "updated_at": "2024-05-22T10:58:49.588Z"}}, {"model": "store.product", "pk": 48, "fields": {"title": "Таежная Музыкальная Артель TMA-SBC7 Свирель До (С), блок-флейта, 7 отверстий", "slug": "Свирели", "sku": "A100023", "short_description": "Свирель До (С), блок-флейта, 7 отверстий", "detail_description": null, "product_image": "product/A100023.jpg", "price": "2180.00", "category": 5, "is_active": true, "is_featured": true, "created_at": "2024-05-22T10:58:55.564Z", "updated_at": "2024-05-22T10:58:55.564Z"}}, {"model": "store.product", "pk": 49, "fields": {"title": "Таежная Музыкальная Артель TMA-SBD6 Свирель Ре (D), 6 отверстий", "slug": "Свирели", "sku": "A100029", "short_description": "Свирель Ре (D), 6 отверстий", "detail_description": null, "product_image": "product/A100029.jpg", "price": "2100.00", "category": 5, "is_active": true, "is_featured": true, "created_at": "2024-05-22T10:58:58.927Z", "updated_at": "2024-05-22T10:58:58.927Z"}}, {"model": "store.product", "pk": 50, "fields": {"title": "Таежная Музыкальная Артель TMA-SBC7-EXP Свирель До (С), 7 отверстий", "slug": "Свирели", "sku": "A116585", "short_description": "Свирель До (С), 7 отверстий", "detail_description": null, "product_image": "product/A116585.jpg", "price": "3150.00", "category": 5, "is_active": true, "is_featured": true, "created_at": "2024-05-22T10:59:02.463Z", "updated_at": "2024-05-22T10:59:02.463Z"}}, {"model": "store.product", "pk": 51, "fields": {"title": "Таежная Музыкальная Артель TMA-SBA6 Свирель Ля (А), 6 отверстий", "slug": "Свирели", "sku": "A100024", "short_description": "Свирель Ля (А), 6 отверстий", "detail_description": null, "product_image": "product/A100024.jpg", "price": "2340.00", "category": 5, "is_active": true, "is_featured": true, "created_at": "2024-05-22T10:59:05.900Z", "updated_at": "2024-05-22T10:59:05.900Z"}}, {"model": "store.product", "pk": 52, "fields": {"title": "Ararat S110 A", "slug": "Дудук", "sku": "A025931", "short_description": "Дудук - строй 'ля', абрикосовое дерево, трость в комплекте", "detail_description": null, "product_image": "product/A025931.jpg", "price": "3650.00", "category": 5, "is_active": true, "is_featured": true, "created_at": "2024-05-22T10:59:11.995Z", "updated_at": "2024-05-22T10:59:11.995Z"}}, {"model": "store.product", "pk": 53, "fields": {"title": "Ararat A210 A", "slug": "Дудук", "sku": "A077455", "short_description": "Дудук А с тростью, строй \"ля\", материал абрикосовое дерево", "detail_description": null, "product_image": "product/A077455.jpg", "price": "5300.00", "category": 5, "is_active": true, "is_featured": true, "created_at": "2024-05-22T10:59:14.856Z", "updated_at": "2024-05-22T10:59:14.856Z"}}, {"model": "store.product", "pk": 54, "fields": {"title": "NOY DU-ST-A-BN", "slug": "Дудук", "sku": "A176815", "short_description": "Любительский дудук в ЛЯ", "detail_description": null, "product_image": "product/A176815.jpg", "price": "5120.00", "category": 5, "is_active": true, "is_featured": true, "created_at": "2024-05-22T10:59:17.741Z", "updated_at": "2024-05-22T10:59:17.741Z"}}, {"model": "store.product", "pk": 55, "fields": {"title": "Мастерская Сереброва MS-K2-DU-01", "slug": "Дудук", "sku": "A175823", "short_description": "Дудочка деревянная", "detail_description": null, "product_image": "product/A175823.jpg", "price": "2520.00", "category": 5, "is_active": true, "is_featured": true, "created_at": "2024-05-22T10:59:20.518Z", "updated_at": "2024-05-22T10:59:20.518Z"}}, {"model": "store.product", "pk": 56, "fields": {"title": "Hora Panpipe-22-Tenor", "slug": "Пан-флейты", "sku": "A115930", "short_description": "Пан-флейта 22 трубок тенор c1-c4", "detail_description": null, "product_image": "product/A115930.jpg", "price": "34590.00", "category": 5, "is_active": true, "is_featured": true, "created_at": "2024-05-22T10:59:26.313Z", "updated_at": "2024-05-22T10:59:26.313Z"}}, {"model": "store.product", "pk": 57, "fields": {"title": "Hora Panpipe-08-soprano", "slug": "Пан-флейты", "sku": "A115936", "short_description": "Пан-флейта 8 трубок сопрано c2-c3", "detail_description": null, "product_image": "product/A115936.jpg", "price": "12450.00", "category": 5, "is_active": true, "is_featured": true, "created_at": "2024-05-22T10:59:29.826Z", "updated_at": "2024-05-22T10:59:29.826Z"}}, {"model": "store.product", "pk": 58, "fields": {"title": "Hora Panpipe-15-Soprano", "slug": "Пан-флейты", "sku": "A115931", "short_description": "Пан-флейта 15 трубок сопрано d2-d4", "detail_description": null, "product_image": "product/A115931.jpg", "price": "21030.00", "category": 5, "is_active": true, "is_featured": true, "created_at": "2024-05-22T10:59:33.266Z", "updated_at": "2024-05-22T10:59:33.266Z"}}, {"model": "store.product", "pk": 59, "fields": {"title": "Hora Panpipe-20-Alto", "slug": "Пан-флейты", "sku": "A131374", "short_description": "Пан-флейта 20 трубок альт f1-d4", "detail_description": null, "product_image": "product/A131374.jpg", "price": "27290.00", "category": 5, "is_active": true, "is_featured": true, "created_at": "2024-05-22T10:59:36.372Z", "updated_at": "2024-05-22T10:59:36.372Z"}}, {"model": "store.product", "pk": 60, "fields": {"title": "Clarke Original Silver OND", "slug": "Вистл", "sku": "A142789", "short_description": "Флейта-вистл в строе D", "detail_description": null, "product_image": "product/A142789.jpg", "price": "2830.00", "category": 5, "is_active": true, "is_featured": true, "created_at": "2024-05-22T10:59:41.272Z", "updated_at": "2024-05-22T10:59:41.272Z"}}, {"model": "store.product", "pk": 61, "fields": {"title": "Clarke Original SBDC", "slug": "Вистл", "sku": "A142791", "short_description": "Флейта-вистл в строе D", "detail_description": null, "product_image": "product/A142791.jpg", "price": "2830.00", "category": 5, "is_active": true, "is_featured": true, "created_at": "2024-05-22T10:59:44.132Z", "updated_at": "2024-05-22T10:59:44.132Z"}}, {"model": "store.product", "pk": 62, "fields": {"title": "Clarke Special Edition 200D", "slug": "Вистл", "sku": "A141764", "short_description": "Флейта-вистл в строе D", "detail_description": null, "product_image": "product/A141764.jpg", "price": "3590.00", "category": 5, "is_active": true, "is_featured": true, "created_at": "2024-05-22T10:59:46.878Z", "updated_at": "2024-05-22T10:59:46.878Z"}}, {"model": "store.product", "pk": 63, "fields": {"title": "Clarke Special Edition 200C", "slug": "Вистл", "sku": "A141763", "short_description": "Флейта-вистл в строе C", "detail_description": null, "product_image": "product/A141763.jpg", "price": "3590.00", "category": 5, "is_active": true, "is_featured": true, "created_at": "2024-05-22T10:59:49.835Z", "updated_at": "2024-05-22T10:59:49.835Z"}}, {"model": "store.product", "pk": 64, "fields": {"title": "Керамика Щипановых C01 Окарина, большая", "slug": "Окарины, свистульки, свистки", "sku": "A116128", "short_description": "Окарина, большая", "detail_description": null, "product_image": "product/A116128.jpg", "price": "1160.00", "category": 5, "is_active": true, "is_featured": true, "created_at": "2024-05-22T10:59:56.073Z", "updated_at": "2024-05-22T10:59:56.073Z"}}, {"model": "store.product", "pk": 65, "fields": {"title": "Мастерская Никифорова MN-OO-1 Окарина октава Осень", "slug": "Окарины, свистульки, свистки", "sku": "A099802", "short_description": "Окарина октава Осень", "detail_description": null, "product_image": "product/A099802.jpg", "price": "1370.00", "category": 5, "is_active": true, "is_featured": true, "created_at": "2024-05-22T10:59:59.376Z", "updated_at": "2024-05-22T10:59:59.376Z"}}, {"model": "store.product", "pk": 66, "fields": {"title": "Мастерская Никифорова MN-OO-3 Окарина октава Саквояж", "slug": "Окарины, свистульки, свистки", "sku": "A099803", "short_description": "Окарина октава Саквояж", "detail_description": null, "product_image": "product/A099803.jpg", "price": "1370.00", "category": 5, "is_active": true, "is_featured": true, "created_at": "2024-05-22T11:00:02.834Z", "updated_at": "2024-05-22T11:00:02.834Z"}}, {"model": "store.product", "pk": 67, "fields": {"title": "Мастерская Сереброва т2-сс-02 Свистулька деревянная", "slug": "Окарины, свистульки, свистки", "sku": "A102756", "short_description": "Свистулька деревянная", "detail_description": null, "product_image": "product/A102756.jpg", "price": "642.00", "category": 5, "is_active": true, "is_featured": true, "created_at": "2024-05-22T11:00:06.358Z", "updated_at": "2024-05-22T11:00:06.358Z"}}, {"model": "store.product", "pk": 68, "fields": {"title": "FLIGHT FKZ-1P", "slug": "Казу", "sku": "A067457", "short_description": "Казу пластик", "detail_description": null, "product_image": "product/A067457.jpg", "price": "190.00", "category": 5, "is_active": true, "is_featured": true, "created_at": "2024-05-22T11:00:13.850Z", "updated_at": "2024-05-22T11:00:13.850Z"}}, {"model": "store.product", "pk": 69, "fields": {"title": "HOHNER Kazoo PL98696", "slug": "Казу", "sku": "901403", "short_description": "Казу, 1 шт., материал - пластик, цвет в ассортименте.", "detail_description": null, "product_image": "product/901403.jpg", "price": "430.00", "category": 5, "is_active": true, "is_featured": true, "created_at": "2024-05-22T11:00:17.270Z", "updated_at": "2024-05-22T11:00:17.270Z"}}, {"model": "store.product", "pk": 70, "fields": {"title": "Clarke MKM", "slug": "Казу", "sku": "A140149", "short_description": "Мембрана для казу", "detail_description": null, "product_image": "product/A140149.jpg", "price": "139.00", "category": 5, "is_active": true, "is_featured": true, "created_at": "2024-05-22T11:00:20.358Z", "updated_at": "2024-05-22T11:00:20.358Z"}}, {"model": "store.product", "pk": 71, "fields": {"title": "STAGG KAZOO METAL-30", "slug": "Казу", "sku": "A178030", "short_description": "Казу, металл, цвет золотой", "detail_description": null, "product_image": "product/A178030.jpg", "price": "190.00", "category": 5, "is_active": true, "is_featured": true, "created_at": "2024-05-22T11:00:23.349Z", "updated_at": "2024-05-22T11:00:23.349Z"}}, {"model": "store.product", "pk": 72, "fields": {"title": "Алтайский комус (варган) П.Поткина без футляра", "slug": "Варганы", "sku": "A046452", "short_description": "Корпус - латунь, язычок - сталь, длина язычка 62 мм", "detail_description": null, "product_image": "product/A046452.jpg", "price": "691.00", "category": 5, "is_active": true, "is_featured": true, "created_at": "2024-05-22T11:00:30.850Z", "updated_at": "2024-05-22T11:00:30.850Z"}}, {"model": "store.product", "pk": 73, "fields": {"title": "МОЗЕРЪ VB-2", "slug": "Варганы", "sku": "A063456", "short_description": "", "detail_description": null, "product_image": "product/A063456.jpg", "price": "208.00", "category": 5, "is_active": true, "is_featured": true, "created_at": "2024-05-22T11:00:35.694Z", "updated_at": "2024-05-22T11:00:35.694Z"}}, {"model": "store.product", "pk": 74, "fields": {"title": "() .", "slug": "Варганы", "sku": "A046453", "short_description": "Корпус - латунь, язычок - сталь, длина язычка 62 мм", "detail_description": null, "product_image": "product/A046453.jpg", "price": "691.00", "category": 5, "is_active": true, "is_featured": true, "created_at": "2024-05-22T11:00:39.714Z", "updated_at": "2024-05-22T11:00:39.714Z"}}, {"model": "store.product", "pk": 75, "fields": {"title": "Мастерская Глазырина VG01-Fantom Варган Фантом, с футляром", "slug": "Варганы", "sku": "A099765", "short_description": "Варган Фантом, с футляром", "detail_description": null, "product_image": "product/A099765.jpg", "price": "5360.00", "category": 5, "is_active": true, "is_featured": true, "created_at": "2024-05-22T11:00:42.827Z", "updated_at": "2024-05-22T11:00:42.827Z"}}, {"model": "store.product", "pk": 76, "fields": {"title": "YARA MS-2X", "slug": "Музыкальные ложки", "sku": "A066330", "short_description": "Музыкальные ложки 'Хохлома', пара, МЛХ, осина, береза", "detail_description": null, "product_image": "product/A066330.jpg", "price": "277.00", "category": 5, "is_active": true, "is_featured": true, "created_at": "2024-05-22T11:00:50.269Z", "updated_at": "2024-05-22T11:00:50.269Z"}}, {"model": "store.product", "pk": 77, "fields": {"title": "FLIGHT MS-2ZX", "slug": "Музыкальные ложки", "sku": "A060868", "short_description": "Музыкальные ложки `Золотая Хохлома` пара, МЛХ, материал - осина, береза", "detail_description": null, "product_image": "product/A060868.jpg", "price": "277.00", "category": 5, "is_active": true, "is_featured": true, "created_at": "2024-05-22T11:00:54.714Z", "updated_at": "2024-05-22T11:00:54.714Z"}}, {"model": "store.product", "pk": 78, "fields": {"title": "Мастерская Сереброва бр-лж-04 Ложки в станке", "slug": "Музыкальные ложки", "sku": "A102619", "short_description": "Ложки в станке", "detail_description": null, "product_image": "product/A102619.jpg", "price": "887.00", "category": 5, "is_active": true, "is_featured": true, "created_at": "2024-05-22T11:00:57.999Z", "updated_at": "2024-05-22T11:00:57.999Z"}}, {"model": "store.product", "pk": 79, "fields": {"title": "Мастерская Сереброва MS-K1-LZ-05 Ложки в станке с бубенцами, 1 категория", "slug": "Музыкальные ложки", "sku": "A099882", "short_description": "Ложки в станке с бубенцами, 1 категория", "detail_description": null, "product_image": "product/A099882.jpg", "price": "1660.00", "category": 5, "is_active": true, "is_featured": true, "created_at": "2024-05-22T11:01:00.730Z", "updated_at": "2024-05-22T11:01:00.730Z"}}, {"model": "store.product", "pk": 80, "fields": {"title": "Fante LY-1603", "slug": "Другие народные и этнические инструменты", "sku": "A132295", "short_description": "Арфа, 16 струн", "detail_description": null, "product_image": "product/A132295.jpg", "price": "7370.00", "category": 5, "is_active": true, "is_featured": true, "created_at": "2024-05-22T11:01:06.430Z", "updated_at": "2024-05-22T11:01:06.430Z"}}, {"model": "store.product", "pk": 81, "fields": {"title": "Мастерская Сереброва MS-K2-DU-01 Дудочка деревянная", "slug": "Другие народные и этнические инструменты", "sku": "A099823", "short_description": "Дудочка дивная", "detail_description": null, "product_image": "product/A099823.jpg", "price": "2962.00", "category": 5, "is_active": true, "is_featured": true, "created_at": "2024-05-22T11:01:09.550Z", "updated_at": "2024-05-22T11:01:09.550Z"}}, {"model": "store.product", "pk": 82, "fields": {"title": "Таежная Музыкальная Артель TMA-SDP-Pent Двойная флейта Парочка", "slug": "Другие народные и этнические инструменты", "sku": "A100036", "short_description": "Двойная флейта Парочка", "detail_description": null, "product_image": "product/A100036.jpg", "price": "2180.00", "category": 5, "is_active": true, "is_featured": true, "created_at": "2024-05-22T11:01:12.890Z", "updated_at": "2024-05-22T11:01:12.890Z"}}, {"model": "store.product", "pk": 83, "fields": {"title": "Shamanic NAF-L-002", "slug": "Другие народные и этнические инструменты", "sku": "A176319", "short_description": "Пимак Светлый G", "detail_description": null, "product_image": "product/A176319.jpg", "price": "15880.00", "category": 5, "is_active": true, "is_featured": true, "created_at": "2024-05-22T11:01:15.622Z", "updated_at": "2024-05-22T11:01:15.622Z"}}, {"model": "store.product", "pk": 84, "fields": {"title": "Господин Музыкант DM29F Profi", "slug": "Аксессуары и комплектующие для народных и этнических инструментов", "sku": "A182949", "short_description": "Комплект струн для Домры Малой (Сталь+ФБ)", "detail_description": null, "product_image": "product/A182949.jpg", "price": "300.00", "category": 5, "is_active": true, "is_featured": true, "created_at": "2024-05-22T11:01:22.310Z", "updated_at": "2024-05-22T11:01:22.310Z"}}, {"model": "store.product", "pk": 85, "fields": {"title": "Lutner LBP-3", "slug": "Аксессуары и комплектующие для народных и этнических инструментов", "sku": "A182166", "short_description": "Чехол для балалайки прима, утепленный", "detail_description": null, "product_image": "product/A182166.jpg", "price": "2310.00", "category": 5, "is_active": true, "is_featured": true, "created_at": "2024-05-22T11:01:25.602Z", "updated_at": "2024-05-22T11:01:25.602Z"}}, {"model": "store.product", "pk": 86, "fields": {"title": "Lutner LDM-3", "slug": "Аксессуары и комплектующие для народных и этнических инструментов", "sku": "A182550", "short_description": "Чехол для домры малой (прима), утепленный", "detail_description": null, "product_image": "product/A182550.jpg", "price": "2090.00", "category": 5, "is_active": true, "is_featured": true, "created_at": "2024-05-22T11:01:29.007Z", "updated_at": "2024-05-22T11:01:29.007Z"}}, {"model": "store.product", "pk": 87, "fields": {"title": "Lutner MLBP-4", "slug": "Аксессуары и комплектующие для народных и этнических инструментов", "sku": "A183610", "short_description": "Чехол для балалайки", "detail_description": null, "product_image": "product/A183610.jpg", "price": "5350.00", "category": 5, "is_active": true, "is_featured": true, "created_at": "2024-05-22T11:01:32.346Z", "updated_at": "2024-05-22T11:01:32.346Z"}}, {"model": "store.product", "pk": 88, "fields": {"title": "PIONEER DDJ-REV1", "slug": "DJ-контроллеры", "sku": "A164379", "short_description": "2-канальный DJ-контроллер для Serato DJ Lite", "detail_description": null, "product_image": "product/A164379.jpg", "price": "48100.00", "category": 4, "is_active": true, "is_featured": true, "created_at": "2024-05-22T11:01:45.294Z", "updated_at": "2024-05-22T11:01:45.294Z"}}, {"model": "store.product", "pk": 89, "fields": {"title": "NUMARK DJ2GO2 Touch", "slug": "DJ-контроллеры", "sku": "A159045", "short_description": "Портативный DJ-контроллер, в комплекте ПО Serato DJ Intro", "detail_description": null, "product_image": "product/A159045.jpg", "price": "13600.00", "category": 4, "is_active": true, "is_featured": true, "created_at": "2024-05-22T11:01:49.746Z", "updated_at": "2024-05-22T11:01:49.746Z"}}, {"model": "store.product", "pk": 90, "fields": {"title": "PIONEER DDJ-FLX6", "slug": "DJ-контроллеры", "sku": "A164395", "short_description": "4-канальный DJ контроллер для rekordbox dj и Serato", "detail_description": null, "product_image": "product/A164395.jpg", "price": "126000.00", "category": 4, "is_active": true, "is_featured": true, "created_at": "2024-05-22T11:01:54.810Z", "updated_at": "2024-05-22T11:01:54.810Z"}}, {"model": "store.product", "pk": 91, "fields": {"title": "NUMARK Mixtrack Platinum FX", "slug": "DJ-контроллеры", "sku": "A163984", "short_description": "DJ-контроллер для Serato, 4 деки, эффекты, фильтры, дисплеи джогов", "detail_description": null, "product_image": "product/A163984.jpg", "price": "42000.00", "category": 4, "is_active": true, "is_featured": true, "created_at": "2024-05-22T11:01:59.568Z", "updated_at": "2024-05-22T11:01:59.568Z"}}, {"model": "store.product", "pk": 92, "fields": {"title": "PIONEER DJM-250MK2", "slug": "Микшеры для DJ", "sku": "A164393", "short_description": "DJ-микшер, 2 канала", "detail_description": null, "product_image": "product/A164393.jpg", "price": "69000.00", "category": 4, "is_active": true, "is_featured": true, "created_at": "2024-05-22T11:02:06.720Z", "updated_at": "2024-05-22T11:02:06.720Z"}}, {"model": "store.product", "pk": 93, "fields": {"title": "BEHRINGER DX626 DJ", "slug": "Микшеры для DJ", "sku": "A045281", "short_description": "Микшерный пульт, 3 входных канала, счетчики темпа, кроссфейдер VCA, регулируемый мониторный выход", "detail_description": null, "product_image": "product/A045281.jpg", "price": "15090.00", "category": 4, "is_active": true, "is_featured": true, "created_at": "2024-05-22T11:02:10.336Z", "updated_at": "2024-05-22T11:02:10.336Z"}}, {"model": "store.product", "pk": 94, "fields": {"title": "KORG Volca Mix", "slug": "Микшеры для DJ", "sku": "A076745", "short_description": "4-канальный аналоговый микшер", "detail_description": null, "product_image": "product/A076745.jpg", "price": "18400.00", "category": 4, "is_active": true, "is_featured": true, "created_at": "2024-05-22T11:02:14.070Z", "updated_at": "2024-05-22T11:02:14.070Z"}}, {"model": "store.product", "pk": 95, "fields": {"title": "BEHRINGER VMX100USB DJ", "slug": "Микшеры для DJ", "sku": "A045298", "short_description": "Микшерный пульт, 2 входных канала, регулируемый микрофонный вход, счетчики темпа, кроссфейдер VCA,,USB-интерфейс", "detail_description": null, "product_image": "product/A045298.jpg", "price": "15840.00", "category": 4, "is_active": true, "is_featured": true, "created_at": "2024-05-22T11:02:17.855Z", "updated_at": "2024-05-22T11:02:17.855Z"}}, {"model": "store.product", "pk": 96, "fields": {"title": "NUMARK PT01 SCRATCH", "slug": "DJ-виниловые проигрыватели", "sku": "A159048", "short_description": "Портативная USB-вертушка для скретчинга, с крышкой, динамиком, питание AC/DC", "detail_description": null, "product_image": "product/A159048.jpg", "price": "26900.00", "category": 4, "is_active": true, "is_featured": true, "created_at": "2024-05-22T11:02:23.819Z", "updated_at": "2024-05-22T11:02:23.819Z"}}, {"model": "store.product", "pk": 97, "fields": {"title": "Reloop RP-4000 MK2 DJ-проигрыватель", "slug": "DJ-виниловые проигрыватели", "sku": "A099091", "short_description": "DJ-проигрыватель", "detail_description": null, "product_image": "product/A099091.jpg", "price": "56990.00", "category": 4, "is_active": true, "is_featured": true, "created_at": "2024-05-22T11:02:27.003Z", "updated_at": "2024-05-22T11:02:27.003Z"}}, {"model": "store.product", "pk": 98, "fields": {"title": "Reloop RP-2000 MK2 DJ-проигрыватель винила", "slug": "DJ-виниловые проигрыватели", "sku": "A099089", "short_description": "DJ-Проигрыватель винила", "detail_description": null, "product_image": "product/A099089.jpg", "price": "49990.00", "category": 4, "is_active": true, "is_featured": true, "created_at": "2024-05-22T11:02:29.918Z", "updated_at": "2024-05-22T11:02:29.918Z"}}, {"model": "store.product", "pk": 99, "fields": {"title": "Reloop SPIN", "slug": "DJ-виниловые проигрыватели", "sku": "A128644", "short_description": "Переносной виниловый проигрыватель для диджеев, в котором есть все, что может понадобиться для скретчинга «на ходу».", "detail_description": null, "product_image": "product/A128644.jpg", "price": "42990.00", "category": 4, "is_active": true, "is_featured": true, "created_at": "2024-05-22T11:02:32.732Z", "updated_at": "2024-05-22T11:02:32.732Z"}}, {"model": "store.product", "pk": 100, "fields": {"title": "ZOOM GCE-3", "slug": "Звуковые карты для DJ", "sku": "A166414", "short_description": "Аудиоинтерфейс", "detail_description": null, "product_image": "product/A166414.jpg", "price": "12440.00", "category": 4, "is_active": true, "is_featured": true, "created_at": "2024-05-22T11:02:39.476Z", "updated_at": "2024-05-22T11:02:39.476Z"}}, {"model": "store.product", "pk": 101, "fields": {"title": "APOGEE DUET DOCK", "slug": "Звуковые карты для DJ", "sku": "A180340", "short_description": "Док-станция для интерфейса Duet 3", "detail_description": null, "product_image": "product/A180340.jpg", "price": "15650.00", "category": 4, "is_active": true, "is_featured": true, "created_at": "2024-05-22T11:02:42.828Z", "updated_at": "2024-05-22T11:02:42.828Z"}}, {"model": "store.product", "pk": 102, "fields": {"title": "ZOOM AMS-24", "slug": "Звуковые карты для DJ", "sku": "A180642", "short_description": "Аудиоинтерфейс для музыки и стриминга", "detail_description": null, "product_image": "product/A180642.jpg", "price": "16145.00", "category": 4, "is_active": true, "is_featured": true, "created_at": "2024-05-22T11:02:46.239Z", "updated_at": "2024-05-22T11:02:46.239Z"}}, {"model": "store.product", "pk": 103, "fields": {"title": "APOGEE Duet 3", "slug": "Звуковые карты для DJ", "sku": "A180434", "short_description": "Интерфейс USB-C мобильный 6-канальный с DSP для Windows и Mac, 192 кГц", "detail_description": null, "product_image": "product/A180434.jpg", "price": "62300.00", "category": 4, "is_active": true, "is_featured": true, "created_at": "2024-05-22T11:02:49.331Z", "updated_at": "2024-05-22T11:02:49.331Z"}}, {"model": "store.product", "pk": 104, "fields": {"title": "QUIK LOK DJ233", "slug": "Аксессуары и комплектующие для DJ", "sku": "A062290", "short_description": "Складной стол для DJ, выс. 64-75-86-97 см, перфорированный стол 100Х49 см, вес 12,5 кг", "detail_description": null, "product_image": "product/A062290.jpg", "price": "32500.00", "category": 4, "is_active": true, "is_featured": true, "created_at": "2024-05-22T11:02:55.670Z", "updated_at": "2024-05-22T11:02:55.670Z"}}, {"model": "store.product", "pk": 105, "fields": {"title": "DJ-BAG HARD BackPack", "slug": "Аксессуары и комплектующие для DJ", "sku": "A114589", "short_description": "Рюкзак для 2-х канальных контроллеров с жестким верхом", "detail_description": null, "product_image": "product/A114589.jpg", "price": "9724.00", "category": 4, "is_active": true, "is_featured": true, "created_at": "2024-05-22T11:02:59.154Z", "updated_at": "2024-05-22T11:02:59.154Z"}}, {"model": "store.product", "pk": 106, "fields": {"title": "DJ-Bag Urban BackPack", "slug": "Аксессуары и комплектующие для DJ", "sku": "A102604", "short_description": "Городской рюкзак универсальный", "detail_description": null, "product_image": "product/A102604.jpg", "price": "8751.00", "category": 4, "is_active": true, "is_featured": true, "created_at": "2024-05-22T11:03:02.981Z", "updated_at": "2024-05-22T11:03:02.981Z"}}, {"model": "store.product", "pk": 107, "fields": {"title": "QUIK LOK LPH001", "slug": "Аксессуары и комплектующие для DJ", "sku": "A044906", "short_description": "Устойчивая стойка для ноутбука на треноге, нагрузка до 15 кг, в. от 82 до 132 см, платформа 31х39 см", "detail_description": null, "product_image": "product/A044906.jpg", "price": "11900.00", "category": 4, "is_active": true, "is_featured": true, "created_at": "2024-05-22T11:03:06.322Z", "updated_at": "2024-05-22T11:03:06.322Z"}}, {"model": "store.product", "pk": 108, "fields": {"title": "KORG VOLCARACK-2X2", "slug": "Другое DJ-оборудование и аксессуары", "sku": "A094569", "short_description": "Стойка для volca", "detail_description": null, "product_image": "product/A094569.jpg", "price": "11200.00", "category": 4, "is_active": true, "is_featured": true, "created_at": "2024-05-22T11:03:11.855Z", "updated_at": "2024-05-22T11:03:11.855Z"}}, {"model": "store.product", "pk": 109, "fields": {"title": "ROLAND V-800HD MKII", "slug": "Другое DJ-оборудование и аксессуары", "sku": "A075862", "short_description": "Цифровой видеомикшер", "detail_description": null, "product_image": "product/A075862.jpg", "price": "801550.00", "category": 4, "is_active": true, "is_featured": true, "created_at": "2024-05-22T11:03:15.074Z", "updated_at": "2024-05-22T11:03:15.074Z"}}, {"model": "store.product", "pk": 110, "fields": {"title": "ROLAND GO:LIVECAST", "slug": "Другое DJ-оборудование и аксессуары", "sku": "A117110", "short_description": "Портативная студия для живого потокового вещания на базе смартфона", "detail_description": null, "product_image": "product/A117110.jpg", "price": "26710.00", "category": 4, "is_active": true, "is_featured": true, "created_at": "2024-05-22T11:03:20.647Z", "updated_at": "2024-05-22T11:03:20.647Z"}}, {"model": "store.product", "pk": 135, "fields": {"title": "Behringer CFM-1", "slug": "Другое DJ-оборудование и аксессуары", "sku": "A127347", "short_description": "Сменный кроссфейдер для DJ-микшера DX626 (только для 5-штырькового разъема)", "detail_description": null, "product_image": "product/A127347.jpg", "price": "1070.00", "category": 4, "is_active": true, "is_featured": true, "created_at": "2024-05-22T11:29:31.941Z", "updated_at": "2024-05-22T11:29:31.941Z"}}, {"model": "store.product", "pk": 136, "fields": {"title": "DENON SC6000M PRIME", "slug": "DJ-станции", "sku": "A105400", "short_description": "Профессиональный DJ проигрыватель, 24 бит/96 кГц.", "detail_description": null, "product_image": "product/A105400.jpg", "price": "207000.00", "category": 4, "is_active": true, "is_featured": true, "created_at": "2024-05-22T11:29:37.263Z", "updated_at": "2024-05-22T11:29:37.263Z"}}, {"model": "store.product", "pk": 137, "fields": {"title": "Beyerdynamic DT 770 PRO 250 ohms", "slug": "Наушники профессиональные", "sku": "139541", "short_description": "Cтудийные наушники закрытого типа для мониторинга и записи музыки 250 Ом, 5-35000 Гц, 96 дБ", "detail_description": null, "product_image": "product/139541.jpg", "price": "32675.00", "category": 2, "is_active": true, "is_featured": true, "created_at": "2024-05-22T11:29:47.682Z", "updated_at": "2024-05-22T11:29:47.682Z"}}, {"model": "store.product", "pk": 138, "fields": {"title": "Beyerdynamic DT 990 PRO 250 ohms", "slug": "Наушники профессиональные", "sku": "A011242", "short_description": "Cтудийные наушники открытого типа. 5-35000 Гц, 250 Ом, 96 дБ.", "detail_description": null, "product_image": "product/A011242.jpg", "price": "32675.00", "category": 2, "is_active": true, "is_featured": true, "created_at": "2024-05-22T11:29:51.285Z", "updated_at": "2024-05-22T11:29:51.285Z"}}, {"model": "store.product", "pk": 139, "fields": {"title": "Audio-Technica ATH-AVC200", "slug": "Наушники профессиональные", "sku": "A063998", "short_description": "Закрытые динамические мониторные наушники, дуговое крепление, част. диапазон: 20-22000Гц, макс. входн. мощность 500мВт, чувствит. 100дБ/мВт, сопростивление 40 Ом, диаметр мембраны 40мм, шнур 3м, штекер 3,5мм, в комплекте адаптер на 6,3мм", "detail_description": null, "product_image": "product/A063998.jpg", "price": "6390.00", "category": 2, "is_active": true, "is_featured": true, "created_at": "2024-05-22T11:29:55.238Z", "updated_at": "2024-05-22T11:29:55.238Z"}}, {"model": "store.product", "pk": 140, "fields": {"title": "SHURE SRH240A", "slug": "Наушники профессиональные", "sku": "A146635", "short_description": "Профессиональные наушники закрытого типа", "detail_description": null, "product_image": "product/A146635.jpg", "price": "8250.00", "category": 2, "is_active": true, "is_featured": true, "created_at": "2024-05-22T11:29:59.548Z", "updated_at": "2024-05-22T11:29:59.548Z"}}, {"model": "store.product", "pk": 141, "fields": {"title": "BEHRINGER BH470NC", "slug": "Наушники пользовательские", "sku": "A134635", "short_description": "Высококачественные накладные наушники с возможностью подключения по Bluetooth и активным шумоподавлением", "detail_description": null, "product_image": "product/A134635.jpg", "price": "8130.00", "category": 2, "is_active": true, "is_featured": true, "created_at": "2024-05-22T11:30:08.327Z", "updated_at": "2024-05-22T11:30:08.327Z"}}, {"model": "store.product", "pk": 142, "fields": {"title": "BEHRINGER HC 2000B", "slug": "Наушники пользовательские", "sku": "A096692", "short_description": "Беспроводные закрытые динамические наушники Bluetooth, 40-мм динамики, 20Гц-20кГц, 14 часов работы, зарядка 2 часа от USB, встроенный микрофон", "detail_description": null, "product_image": "product/A096692.jpg", "price": "4310.00", "category": 2, "is_active": true, "is_featured": true, "created_at": "2024-05-22T11:30:11.829Z", "updated_at": "2024-05-22T11:30:11.829Z"}}, {"model": "store.product", "pk": 143, "fields": {"title": "BEHRINGER BH480NC", "slug": "Наушники пользовательские", "sku": "A134686", "short_description": "Референсные наушники премиум-класса с возможностью подключения по Bluetooth и активным шумоподавлением", "detail_description": null, "product_image": "product/A134686.jpg", "price": "8730.00", "category": 2, "is_active": true, "is_featured": true, "created_at": "2024-05-22T11:30:15.536Z", "updated_at": "2024-05-22T11:30:15.536Z"}}, {"model": "store.product", "pk": 144, "fields": {"title": "BEHRINGER TRUE BUDS", "slug": "Наушники пользовательские", "sku": "A134680", "short_description": "Полностью беспроводные наушники-затычки, цвет черный", "detail_description": null, "product_image": "product/A134680.jpg", "price": "7590.00", "category": 2, "is_active": true, "is_featured": true, "created_at": "2024-05-22T11:30:18.674Z", "updated_at": "2024-05-22T11:30:18.674Z"}}, {"model": "store.product", "pk": 145, "fields": {"title": "Superlux HD685 Наушники с высокой чёткостью звучания, 10 - 20 кГц, 68 Ом, 102 ДБ SPL", "slug": "Наушники Hi-Fi", "sku": "A082453", "short_description": "", "detail_description": null, "product_image": "product/A082453.jpg", "price": "10170.00", "category": 2, "is_active": true, "is_featured": true, "created_at": "2024-05-22T11:30:24.852Z", "updated_at": "2024-05-22T11:30:24.852Z"}}, {"model": "store.product", "pk": 146, "fields": {"title": "MEZE 99 Classics walnut silver", "slug": "Наушники Hi-Fi", "sku": "A093677", "short_description": "Полноразмерные динамические наушники с микрофоном, чаши из орехового дерева, 15 - 25000 Гц, 103 дБ, 26 Ом, цвет орех-серебро", "detail_description": null, "product_image": "product/A093677.jpg", "price": "36590.00", "category": 2, "is_active": true, "is_featured": true, "created_at": "2024-05-22T11:30:28.420Z", "updated_at": "2024-05-22T11:30:28.420Z"}}, {"model": "store.product", "pk": 147, "fields": {"title": "SIVGA ORIOLE Black", "slug": "Наушники Hi-Fi", "sku": "A201280", "short_description": "Полноразмерные Hi-Fi наушники, проводные, динамик 50 мм, 20 Гц-20 кГц, 108 дБ, 32 Ом, цвет черный", "detail_description": null, "product_image": "product/A201280.jpg", "price": "16990.00", "category": 2, "is_active": true, "is_featured": true, "created_at": "2024-05-22T11:30:31.644Z", "updated_at": "2024-05-22T11:30:31.644Z"}}, {"model": "store.product", "pk": 148, "fields": {"title": "SIVGA SV023", "slug": "Наушники Hi-Fi", "sku": "A201282", "short_description": "Полноразмерные Hi-Fi наушники открытого типа, проводные, динамик 50 мм, 20 Гц-40 кГц, 105 дБ, 300 Ом", "detail_description": null, "product_image": "product/A201282.jpg", "price": "37390.00", "category": 2, "is_active": true, "is_featured": true, "created_at": "2024-05-22T11:30:34.841Z", "updated_at": "2024-05-22T11:30:34.841Z"}}, {"model": "store.product", "pk": 149, "fields": {"title": "EUROLIGHT MOVING HEAD MH363", "slug": "Вращающиеся световые головы", "sku": "A118480", "short_description": "BEHRINGER Eurolight MOVING HEAD MH363 светодиодный прибор полного вращения 36х3 Вт RGBW, угол раскрытия луча 6 град, DMX", "detail_description": null, "product_image": "product/A118480.jpg", "price": "35950.00", "category": 1, "is_active": true, "is_featured": true, "created_at": "2024-05-22T11:30:46.375Z", "updated_at": "2024-05-22T11:30:46.375Z"}}, {"model": "store.product", "pk": 150, "fields": {"title": "Big Dipper LM70S LM70S", "slug": "Вращающиеся световые головы", "sku": "A162102", "short_description": "Моторизированный светодиодный мини-прожектор, 7*8Вт", "detail_description": null, "product_image": "product/A162102.jpg", "price": "6220.00", "category": 1, "is_active": true, "is_featured": true, "created_at": "2024-05-22T11:30:49.588Z", "updated_at": "2024-05-22T11:30:49.588Z"}}, {"model": "store.product", "pk": 151, "fields": {"title": "Bi Ray ML10S", "slug": "Вращающиеся световые головы", "sku": "A117305", "short_description": "Моторизированная световая \"голова\" Mini Spot, 10Вт", "detail_description": null, "product_image": "product/A117305.jpg", "price": "9490.00", "category": 1, "is_active": true, "is_featured": true, "created_at": "2024-05-22T11:30:52.755Z", "updated_at": "2024-05-22T11:30:52.755Z"}}, {"model": "store.product", "pk": 152, "fields": {"title": "Involight LEDMH50DUAL", "slug": "Вращающиеся световые головы", "sku": "A095656", "short_description": "", "detail_description": null, "product_image": "product/A095656.jpg", "price": "49990.00", "category": 1, "is_active": true, "is_featured": true, "created_at": "2024-05-22T11:30:56.427Z", "updated_at": "2024-05-22T11:30:56.427Z"}}, {"model": "store.product", "pk": 153, "fields": {"title": "LANLING L600 RGY", "slug": "Световые сканеры", "sku": "A091821", "short_description": "", "detail_description": null, "product_image": "product/A091821.jpg", "price": "1725.00", "category": 1, "is_active": true, "is_featured": true, "created_at": "2024-05-22T11:31:01.766Z", "updated_at": "2024-05-22T11:31:01.766Z"}}, {"model": "store.product", "pk": 154, "fields": {"title": "CHAUVET-DJ Intimidator Scan 360", "slug": "Световые сканеры", "sku": "A123559", "short_description": "Светодиодный сканер 1х100Вт LED с DMX и ИК управлением, 1х100Вт белый светодиод, 8/14 каналов DMX, разъемы XLR-3p, ИК-порт (IRC-6), режимы master/slave/sound (+1 ячейка памяти), Pan 172, Tilt 39, 8+1 цветов, 7+1 индексируемых гобо, стробоскоп 0-20Гц, угол луча 21, яркость в 2 метрах 4050лк, power-link до 4 приборов, блок питания 100-240В 50/60Гц, потребление энергии не более 147Вт, размер гобо 19мм, вес 5,7кг, ДШВ 255х155х415мм.", "detail_description": null, "product_image": "product/A123559.jpg", "price": "77000.00", "category": 1, "is_active": true, "is_featured": true, "created_at": "2024-05-22T11:31:05.145Z", "updated_at": "2024-05-22T11:31:05.145Z"}}, {"model": "store.product", "pk": 155, "fields": {"title": "BIG DIPPER LPC180", "slug": "Прожекторы следящего света", "sku": "A100167", "short_description": "Светодиодный прожектор смены цвета, RGB, 60х3Вт", "detail_description": null, "product_image": "product/A100167.jpg", "price": "5160.00", "category": 1, "is_active": true, "is_featured": true, "created_at": "2024-05-22T11:31:10.420Z", "updated_at": "2024-05-22T11:31:10.420Z"}}, {"model": "store.product", "pk": 156, "fields": {"title": "BIG DIPPER LM20SW", "slug": "Прожекторы следящего света", "sku": "A100165", "short_description": "Моторизированная световая 'мини-голова', RGBW, 6х8Вт, 20Вт пятно", "detail_description": null, "product_image": "product/A100165.jpg", "price": "13050.00", "category": 1, "is_active": true, "is_featured": true, "created_at": "2024-05-22T11:31:13.288Z", "updated_at": "2024-05-22T11:31:13.289Z"}}, {"model": "store.product", "pk": 157, "fields": {"title": "Big Dipper LB230", "slug": "Прожекторы следящего света", "sku": "A091743", "short_description": "Моторизированная световая `голова` 230Вт Osram", "detail_description": null, "product_image": "product/A091743.jpg", "price": "36300.00", "category": 1, "is_active": true, "is_featured": true, "created_at": "2024-05-22T11:31:16.129Z", "updated_at": "2024-05-22T11:31:16.129Z"}}, {"model": "store.product", "pk": 158, "fields": {"title": "Big Dipper LB230N", "slug": "Прожекторы следящего света", "sku": "A091741", "short_description": "Моторизированная световая `голова` 230Вт", "detail_description": null, "product_image": "product/A091741.jpg", "price": "39090.00", "category": 1, "is_active": true, "is_featured": true, "created_at": "2024-05-22T11:31:19.861Z", "updated_at": "2024-05-22T11:31:19.861Z"}}, {"model": "store.product", "pk": 159, "fields": {"title": "Big Dipper LPC008N", "slug": "Колорченджеры и прожекторы PAR", "sku": "A129070", "short_description": "Светодиодный прожектор смены цвета, RGB, 54х3Вт", "detail_description": null, "product_image": "product/A129070.jpg", "price": "3910.00", "category": 1, "is_active": true, "is_featured": true, "created_at": "2024-05-22T11:31:26.000Z", "updated_at": "2024-05-22T11:31:26.000Z"}}, {"model": "store.product", "pk": 160, "fields": {"title": "Big Dipper LPC015", "slug": "Колорченджеры и прожекторы PAR", "sku": "A129036", "short_description": "Светодиодный прожектор смены цвета, RGB, 54х3Вт", "detail_description": null, "product_image": "product/A129036.jpg", "price": "4620.00", "category": 1, "is_active": true, "is_featured": true, "created_at": "2024-05-22T11:31:29.086Z", "updated_at": "2024-05-22T11:31:29.086Z"}}, {"model": "store.product", "pk": 161, "fields": {"title": "Bi Ray PL008-BR", "slug": "Колорченджеры и прожекторы PAR", "sku": "A117186", "short_description": "Светодиодный прожектор, RGB 18х1Вт", "detail_description": null, "product_image": "product/A117186.jpg", "price": "2370.00", "category": 1, "is_active": true, "is_featured": true, "created_at": "2024-05-22T11:31:32.879Z", "updated_at": "2024-05-22T11:31:32.879Z"}}, {"model": "store.product", "pk": 162, "fields": {"title": "Big Dipper LPC006", "slug": "Колорченджеры и прожекторы PAR", "sku": "A060965", "short_description": "Светодиодный прожектор Количество светодиодов: 18x10 Вт 6-in-1 Led (RGBWA+UV) Управление: Авто, Звуковое, DMX512, Master/Slave Угол раскрытия: 25 град. DMX каналы: 9 Универсальный блок питания 100-240В ДШВ 226-226-137 мм Вес 2,95 кг", "detail_description": null, "product_image": "product/A060965.jpg", "price": "12440.00", "category": 1, "is_active": true, "is_featured": true, "created_at": "2024-05-22T11:31:36.826Z", "updated_at": "2024-05-22T11:31:36.826Z"}}, {"model": "store.product", "pk": 163, "fields": {"title": "PRO SVET LIGHT LED Spotlight 200 Zoom", "slug": "Профильные прожекторы", "sku": "A174833", "short_description": "Театральный светодиодный прожектор 200w", "detail_description": null, "product_image": "product/A174833.jpg", "price": "34880.00", "category": 1, "is_active": true, "is_featured": true, "created_at": "2024-05-22T11:31:41.936Z", "updated_at": "2024-05-22T11:31:41.936Z"}}, {"model": "store.product", "pk": 164, "fields": {"title": "световой прибор LED PAR,60 x 3W, RGB, DMX, авто, звук. активация", "slug": "Профильные прожекторы", "sku": "A138502", "short_description": "", "detail_description": null, "product_image": "product/A138502.jpg", "price": "18990.00", "category": 1, "is_active": true, "is_featured": true, "created_at": "2024-05-22T11:31:45.168Z", "updated_at": "2024-05-22T11:31:45.168Z"}}, {"model": "store.product", "pk": 165, "fields": {"title": "AstraLight APL010", "slug": "Профильные прожекторы", "sku": "A158809", "short_description": "Лучевой прожектор на LED, 10 W RGB(3 in 1) , для подсветки зеркального шара", "detail_description": null, "product_image": "product/A158809.jpg", "price": "6490.00", "category": 1, "is_active": true, "is_featured": true, "created_at": "2024-05-22T11:31:47.974Z", "updated_at": "2024-05-22T11:31:47.974Z"}}, {"model": "store.product", "pk": 166, "fields": {"title": "CHAUVET-DJ EVE E-50Z", "slug": "Профильные прожекторы", "sku": "A073827", "short_description": "Компактный профильный светодиодный прожектор. 1х50Вт WW светодиод, температурность 3500К, угол раскрытия 20-39град, яркость в 2-метровой зоне 7910лк с углом 20 (2710лк с углом 39), powerlink до 16 приборов, D-Fi (USB), 1/3 канала DMX, потребление энергии не более 63Вт, универсальный блок питания 100-240В, Вес 4,2кг, ДШВ 480х157х381мм.", "detail_description": null, "product_image": "product/A073827.jpg", "price": "91000.00", "category": 1, "is_active": true, "is_featured": true, "created_at": "2024-05-22T11:31:51.531Z", "updated_at": "2024-05-22T11:31:51.531Z"}}, {"model": "store.product", "pk": 167, "fields": {"title": "PRO SVET Light MNF 40 RG", "slug": "Заливающие прожекторы и светильники", "sku": "A091196", "short_description": "", "detail_description": null, "product_image": "product/A091196.jpg", "price": "3276.00", "category": 1, "is_active": true, "is_featured": true, "created_at": "2024-05-22T11:31:57.420Z", "updated_at": "2024-05-22T11:31:57.420Z"}}, {"model": "store.product", "pk": 168, "fields": {"title": "EURO DJ LED-1W AWB (25)", "slug": "Заливающие прожекторы и светильники", "sku": "A179133", "short_description": "Светодиодный светильник, 36 LED светодиода по 1Вт (Amber:12, White:12, Blue:12), 6 каналов DMX, IP65", "detail_description": null, "product_image": "product/A179133.jpg", "price": "33419.00", "category": 1, "is_active": true, "is_featured": true, "created_at": "2024-05-22T11:32:00.135Z", "updated_at": "2024-05-22T11:32:00.135Z"}}, {"model": "store.product", "pk": 169, "fields": {"title": "EURO DJ COB LED Blinder-4", "slug": "Заливающие прожекторы и светильники", "sku": "A119634", "short_description": "Светодиодный светильник рассеянного света, 4 х COB LED 100W, 2 в 1 (CW + WW), DMX 512, master/slave, автоматический режим, звуковая анимация", "detail_description": null, "product_image": "product/A119634.jpg", "price": "63392.00", "category": 1, "is_active": true, "is_featured": true, "created_at": "2024-05-22T11:32:03.991Z", "updated_at": "2024-05-22T11:32:03.991Z"}}, {"model": "store.product", "pk": 170, "fields": {"title": "PRO SVET Light L6M10 GB", "slug": "Заливающие прожекторы и светильники", "sku": "A091197", "short_description": "", "detail_description": null, "product_image": "product/A091197.jpg", "price": "6870.00", "category": 1, "is_active": true, "is_featured": true, "created_at": "2024-05-22T11:32:07.340Z", "updated_at": "2024-05-22T11:32:07.340Z"}}, {"model": "store.product", "pk": 171, "fields": {"title": "INVOLIGHT COBPAR100TW", "slug": "Архитектурные и IP прожекторы", "sku": "A135274", "short_description": "Всепогодный LED прожектор, 100Вт COB RGB. DMX-512, ID", "detail_description": null, "product_image": "product/A135274.jpg", "price": "20388.00", "category": 1, "is_active": true, "is_featured": true, "created_at": "2024-05-22T11:32:12.996Z", "updated_at": "2024-05-22T11:32:12.996Z"}}, {"model": "store.product", "pk": 172, "fields": {"title": "ARCHI LIGHT Floodlight 400E", "slug": "Архитектурные и IP прожекторы", "sku": "A179124", "short_description": "Архитектурный прожектор, 400 Вт, корпус белый, IP65, с лампой", "detail_description": null, "product_image": "product/A179124.jpg", "price": "5397.00", "category": 1, "is_active": true, "is_featured": true, "created_at": "2024-05-22T11:32:16.186Z", "updated_at": "2024-05-22T11:32:16.186Z"}}, {"model": "store.product", "pk": 173, "fields": {"title": "EURO DJ Path Lamp", "slug": "Архитектурные и IP прожекторы", "sku": "A179186", "short_description": "Светильник тротуарный, диаметр 165 мм, (Red-22, Green-12, Blue-12)", "detail_description": null, "product_image": "product/A179186.jpg", "price": "2274.00", "category": 1, "is_active": true, "is_featured": true, "created_at": "2024-05-22T11:32:19.995Z", "updated_at": "2024-05-22T11:32:19.995Z"}}, {"model": "store.product", "pk": 174, "fields": {"title": "ARCHI LIGHT Floodlight 150A", "slug": "Архитектурные и IP прожекторы", "sku": "A179193", "short_description": "Архитектурный прожектор, 150 Вт, корпус белый, IP65, с лампой", "detail_description": null, "product_image": "product/A179193.jpg", "price": "2115.00", "category": 1, "is_active": true, "is_featured": true, "created_at": "2024-05-22T11:32:23.323Z", "updated_at": "2024-05-22T11:32:23.323Z"}}, {"model": "store.product", "pk": 175, "fields": {"title": "BEHRINGER LED FLOODLIGHT BAR 240-8 RGB", "slug": "Нестандартные прожекторы", "sku": "A118479", "short_description": "Профессиональный линейный светильник 240 RGB LEDs", "detail_description": null, "product_image": "product/A118479.jpg", "price": "11310.00", "category": 1, "is_active": true, "is_featured": true, "created_at": "2024-05-22T11:32:29.678Z", "updated_at": "2024-05-22T11:32:29.678Z"}}, {"model": "store.product", "pk": 176, "fields": {"title": "PROCBET BAR LED 24-4 RGBW", "slug": "Нестандартные прожекторы", "sku": "A113731", "short_description": "Линейный светодиодный прожектор BAR, 24x4 Вт RGBW светодиода, 30, сегментное управление", "detail_description": null, "product_image": "product/A113731.jpg", "price": "17500.00", "category": 1, "is_active": true, "is_featured": true, "created_at": "2024-05-22T11:32:32.738Z", "updated_at": "2024-05-22T11:32:32.738Z"}}, {"model": "store.product", "pk": 177, "fields": {"title": "PRO SVET Light LED 2 Aster", "slug": "Нестандартные прожекторы", "sku": "A076683", "short_description": "Светодиодный эффект, 32x5мм RGB диода", "detail_description": null, "product_image": "product/A076683.jpg", "price": "3760.00", "category": 1, "is_active": true, "is_featured": true, "created_at": "2024-05-22T11:32:36.406Z", "updated_at": "2024-05-22T11:32:36.406Z"}}, {"model": "store.product", "pk": 178, "fields": {"title": "Anzhee BAR27x15 (45°)", "slug": "Нестандартные прожекторы", "sku": "A184647", "short_description": "Линейный светодиодный прожектор BAR, 27х15 Вт светодиодов RGBWA, 45", "detail_description": null, "product_image": "product/A184647.jpg", "price": "55300.00", "category": 1, "is_active": true, "is_featured": true, "created_at": "2024-05-22T11:32:40.258Z", "updated_at": "2024-05-22T11:32:40.258Z"}}, {"model": "store.product", "pk": 179, "fields": {"title": "PSL Lighting WS-LED231", "slug": "Светодиодные ленты, неон", "sku": "A181393", "short_description": "Световой прибор. Источник света: 8x50Вт. CW/WW COB LEDs", "detail_description": null, "product_image": "product/A181393.jpg", "price": "29943.00", "category": 1, "is_active": true, "is_featured": true, "created_at": "2024-05-22T11:32:45.729Z", "updated_at": "2024-05-22T11:32:45.729Z"}}, {"model": "store.product", "pk": 180, "fields": {"title": "American DJ LED MESSENGER", "slug": "Светодиодные ленты, неон", "sku": "A181702", "short_description": "Световой LED прибор, RGB, 192 светодиода диаметром 5 мм", "detail_description": null, "product_image": "product/A181702.jpg", "price": "33107.00", "category": 1, "is_active": true, "is_featured": true, "created_at": "2024-05-22T11:32:49.479Z", "updated_at": "2024-05-22T11:32:49.479Z"}}, {"model": "store.product", "pk": 181, "fields": {"title": "American DJ Mega 24PRO Cветодиодная", "slug": "Светодиодные ленты, неон", "sku": "A181754", "short_description": "Панель, 24 x 1 Вт, 6 режимов работы, стробо и диммер эффект", "detail_description": null, "product_image": "product/A181754.jpg", "price": "31778.00", "category": 1, "is_active": true, "is_featured": true, "created_at": "2024-05-22T11:32:52.986Z", "updated_at": "2024-05-22T11:32:52.986Z"}}, {"model": "store.product", "pk": 182, "fields": {"title": "CHAUVET-DJ EVE P-160RGBW", "slug": "Линзовые прожекторы", "sku": "A128738", "short_description": "Прожектор линзовый, 61 светодиод R+G+B+W (суммарная мощность диодов 160Вт), 4/6/11 каналов DMX, разъемы XLR-3p+5p, DFi-USB порт, стробоскоп 0-33Гц, угол луча 23/35/48град, угол засветки 50/63/85град, сменные рассеивающие фильтры в комплекте, яркость в 2 метрах с линзой 23 - 3442лк (с линзой 48 - 1310лк), power-link до 21 приборов, блок питания 100-240В 50/60Гц, потребление не более 122Вт, вес 3,6кг, ДШВ 220х245х305мм.", "detail_description": null, "product_image": "product/A128738.jpg", "price": "84000.00", "category": 1, "is_active": true, "is_featured": true, "created_at": "2024-05-22T11:32:58.763Z", "updated_at": "2024-05-22T11:32:58.763Z"}}, {"model": "store.product", "pk": 223, "fields": {"title": "BIG DIPPER LS30", "slug": "Вращающиеся световые головы", "sku": "A168302", "short_description": "Моторизированная световая мини-голова, 30Вт", "detail_description": null, "product_image": "product/A168302.jpg", "price": "10560.00", "category": 1, "is_active": true, "is_featured": true, "created_at": "2024-05-22T11:38:43.063Z", "updated_at": "2024-05-22T11:38:43.063Z"}}, {"model": "store.cart", "pk": 25, "fields": {"user": 13, "product": 23, "quantity": 3, "created_at": "2023-12-14T06:45:36.753Z", "updated_at": "2023-12-14T07:26:00.426Z"}}, {"model": "store.cart", "pk": 26, "fields": {"user": 13, "product": 28, "quantity": 1, "created_at": "2023-12-14T07:25:40.732Z", "updated_at": "2023-12-14T07:25:40.732Z"}}, {"model": "store.cart", "pk": 27, "fields": {"user": 13, "product": 27, "quantity": 1, "created_at": "2023-12-14T07:25:52.550Z", "updated_at": "2023-12-14T07:25:52.550Z"}}, {"model": "store.cart", "pk": 38, "fields": {"user": 1, "product": 27, "quantity": 1, "created_at": "2024-04-01T11:14:58.258Z", "updated_at": "2024-04-01T11:15:07.787Z"}}, {"model": "store.cart", "pk": 41, "fields": {"user": 14, "product": 24, "quantity": 2, "created_at": "2024-04-26T11:20:02.835Z", "updated_at": "2024-05-22T08:28:24.216Z"}}, {"model": "store.cart", "pk": 42, "fields": {"user": 14, "product": 25, "quantity": 19, "created_at": "2024-05-06T17:37:20.382Z", "updated_at": "2024-05-10T14:23:54.259Z"}}, {"model": "store.cart", "pk": 43, "fields": {"user": 14, "product": 23, "quantity": 4, "created_at": "2024-05-06T17:40:20.782Z", "updated_at": "2024-05-10T14:03:55.941Z"}}, {"model": "store.cart", "pk": 44, "fields": {"user": 14, "product": 29, "quantity": 13, "created_at": "2024-05-10T13:52:39.217Z", "updated_at": "2024-05-10T14:23:51.555Z"}}, {"model": "store.cart", "pk": 45, "fields": {"user": 14, "product": 20, "quantity": 3, "created_at": "2024-05-10T13:59:41.694Z", "updated_at": "2024-05-10T14:23:39.882Z"}}, {"model": "store.cart", "pk": 46, "fields": {"user": 14, "product": 6, "quantity": 1, "created_at": "2024-05-10T14:00:43.801Z", "updated_at": "2024-05-10T14:00:43.801Z"}}, {"model": "store.cart", "pk": 47, "fields": {"user": 14, "product": 26, "quantity": 4, "created_at": "2024-05-10T14:01:20.885Z", "updated_at": "2024-05-10T14:02:25.799Z"}}, {"model": "store.cart", "pk": 48, "fields": {"user": 14, "product": 28, "quantity": 3, "created_at": "2024-05-10T14:09:31.316Z", "updated_at": "2024-05-10T14:23:45.165Z"}}, {"model": "store.cart", "pk": 49, "fields": {"user": 14, "product": 27, "quantity": 10, "created_at": "2024-05-10T14:09:32.434Z", "updated_at": "2024-05-10T14:23:49.475Z"}}, {"model": "store.liked", "pk": 1, "fields": {"user": 14, "product": 25, "quantity": 1, "created_at": "2024-05-06T18:05:03.050Z", "updated_at": "2024-05-06T18:05:03.050Z"}}, {"model": "store.liked", "pk": 3, "fields": {"user": 14, "product": 20, "quantity": 1, "created_at": "2024-05-10T14:19:36.796Z", "updated_at": "2024-05-10T14:19:36.796Z"}}, {"model": "store.liked", "pk": 4, "fields": {"user": 14, "product": 27, "quantity": 1, "created_at": "2024-05-10T14:42:38.600Z", "updated_at": "2024-05-10T14:42:38.600Z"}}, {"model": "store.liked", "pk": 6, "fields": {"user": 14, "product": 24, "quantity": 1, "created_at": "2024-05-10T14:46:08.533Z", "updated_at": "2024-05-10T14:46:08.533Z"}}, {"model": "store.liked", "pk": 7, "fields": {"user": 14, "product": 6, "quantity": 1, "created_at": "2024-05-10T15:02:12.344Z", "updated_at": "2024-05-10T15:02:12.344Z"}}, {"model": "store.liked", "pk": 8, "fields": {"user": 14, "product": 23, "quantity": 1, "created_at": "2024-05-10T15:06:19.302Z", "updated_at": "2024-05-10T15:06:19.302Z"}}, {"model": "store.liked", "pk": 9, "fields": {"user": 14, "product": 22, "quantity": 1, "created_at": "2024-05-10T15:06:24.317Z", "updated_at": "2024-05-10T15:06:24.317Z"}}, {"model": "store.liked", "pk": 20, "fields": {"user": 14, "product": 28, "quantity": 1, "created_at": "2024-05-10T15:18:08.794Z", "updated_at": "2024-05-10T15:18:08.794Z"}}, {"model": "store.liked", "pk": 21, "fields": {"user": 14, "product": 29, "quantity": 1, "created_at": "2024-05-10T15:19:12.274Z", "updated_at": "2024-05-10T15:19:12.274Z"}}, {"model": "store.order", "pk": 10, "fields": {"user": 1, "address": 6, "product": 29, "quantity": 1, "ordered_date": "2024-03-25T19:46:16.293Z", "status": "Принял"}}, {"model": "store.order", "pk": 11, "fields": {"user": 1, "address": 6, "product": 23, "quantity": 3, "ordered_date": "2024-03-25T19:46:16.308Z", "status": "Отменен"}}, {"model": "store.order", "pk": 12, "fields": {"user": 1, "address": 6, "product": 25, "quantity": 1, "ordered_date": "2024-03-25T19:46:16.320Z", "status": "Доставлен"}}, {"model": "store.order", "pk": 13, "fields": {"user": 1, "address": 6, "product": 29, "quantity": 1, "ordered_date": "2024-03-25T19:47:24.099Z", "status": "Обрабатывается"}}, {"model": "store.order", "pk": 14, "fields": {"user": 1, "address": 6, "product": 28, "quantity": 1, "ordered_date": "2024-03-27T19:11:12.297Z", "status": "В пути"}}, {"model": "store.order", "pk": 15, "fields": {"user": 1, "address": 6, "product": 25, "quantity": 1, "ordered_date": "2024-03-27T19:11:12.307Z", "status": "В пути"}}, {"model": "store.order", "pk": 16, "fields": {"user": 1, "address": 6, "product": 25, "quantity": 1, "ordered_date": "2024-03-29T20:04:54.234Z", "status": "Доставлен"}}, {"model": "store.order", "pk": 17, "fields": {"user": 1, "address": 6, "product": 25, "quantity": 1, "ordered_date": "2024-03-29T20:17:47.570Z", "status": "Обрабатывается"}}, {"model": "store.order", "pk": 18, "fields": {"user": 1, "address": 6, "product": 23, "quantity": 1, "ordered_date": "2024-03-29T20:22:06.108Z", "status": "Обрабатывается"}}]